Index,Address,Name,Date,Transactions
1,0xddb80a52cf2098647146e0bbeb2961502c322c37,ETHRSETHPendlePTOracle,25/03/2024,1
2,0x68f702ff07f14b057018ab8f3e0f7df03dd91f94,ETHRSWETHPendlePTOracle,25/03/2024,1
3,0xd32d748039bd32d68b3e492dde3af955be70ec14,VariableInterestRate,25/03/2024,1
4,0xa621a3809fda139c7aa63d7736d2e3eb0b351d0b,ETHEETHPendlePTOracle,25/03/2024,1
5,0x0803d94e420afac30034686aff01c42827dbce28,RUETHCashivaToken,14/04/2025,1
6,0x030785cfc99062b697d9d597c74f0d7465521127,KGETHCashivaToken,14/04/2025,1
7,0xb6e42d5d569fb2d4d451275d851fc4e4adf44f11,MRETHCashivaToken,14/04/2025,1
8,0x898532ecdc29295efb6e14bef0933d39c0710897,RUETHCashivaToken,09/06/2025,1
9,0xee1dbfc1f0706046432f5256ffc326887018acbe,KGETHCashivaToken,09/06/2025,1
10,0xd51b38bd3ac0777ee15fc6bda67849fa1d3e6d87,MRETHCashivaToken,09/06/2025,1
11,0x248c217666421ae7be28bef83e05aa4bf33dbdcb,CEther,06/07/2024,1
12,0x3bcee7e4f14e1b8506e63dbfa2bc4de083538034,CompoundLens,06/07/2024,1
13,0xb3cacdc722470259886abb57cee1fea714e86387,HoneyPotOEVShare,27/10/2023,278
14,0xc20e2debccfbf359e3eb9ff5022d11742ad63c07,PythPriceProvider,12/01/2024,2
15,0x53a2a7c0cbb76b20782c6842a25876c5377b64e8,StandardPythFactory,09/07/2024,1
16,0xcadd1dd658439d92e26efe6154fff13b94d11494,PriceFeedPythWrapper,29/06/2024,1
17,0x44400ec733f1d4dec9fd93c2de6e8a53f6ab094e,OracleFactory,29/06/2024,7
18,0x29c829792dba54d8532ad142e46cf929dc21f9a0,PythPriceProvider,22/09/2024,2
19,0xc1459fcfe23d5db9ddb04935ab7a426bd398eab0,WstEthOracleMiddleware,23/01/2025,3
20,0xd145933c7938abe3743a83affaa8af13c550e109,PriceOracle,29/08/2024,1
21,0x918d94ebdd04d98fea595963de4bde53ee83fd90,PriceOracle,29/08/2024,1
22,0xa92ec1ddb97de7b58714324cf8d5c3427522a70a,ERC4626GenericEulerLevSwapper,22/10/2024,1
23,0xa8f3a00ecace7e31625a435817d5475b6d340f1a,PriceOracle,31/10/2024,1
24,0xd43052e7a4fe8bc7ec2bd83acef15118311dcfff,PriceOracle,09/12/2024,1
25,0x2d622cadd828ee072255287a941c0b65c5e2714b,PriceFeedCompressor,04/03/2025,
26,0x2f5088c2f0aeed2c44c40c989442f00ec31c6e61,PythPriceFeedSerializer,04/03/2025,
27,0x48e5b250ddac3cd14d37f3c5f3b16fec2cac64f5,MarketCompressor,04/03/2025,
28,0xe56bd00690495df904abc3f7223438a9681f55a4,PriceFeedCompressor,22/04/2025,
29,0xe26c1864b5d3cc2e541e19c3473caed5d34bc3bf,PriceFeedCompressor,24/06/2024,1
30,0x13d529e2dc67a6305580388a7c57de53fbefc951,PriceFeedCompressor,24/06/2024,1
31,0xec0445805c1fd40d82b05bad821b158fbd9b033d,PriceFeedCompressor,25/06/2024,1
32,0xa12059746f0673eb3a83b1192c37f0b07a0faab4,OracleRouter,10/07/2024,14
33,0xe28abf7028c059c4ebbe726aea7c2ef3f429b02d,PriceFeedCompressor,07/08/2024,1
34,0xec5b37ce14e6cad1804a185cbd462bdc697082d3,PythAggregator,31/12/2024,1
35,0xf82332ff36decc79e0b2e4252b96348c1a04997d,PythPriceFeed,12/02/2025,2
36,0xfcd06dbf74d99fe57e16c058d3419be84e1dd115,PythERC7412Wrapper,16/03/2025,1
37,0xed300fbf1e21da54610ac1a7870fdbf7035186d1,PythPriceFeed,23/05/2025,1
38,0x9b19470324c1a99a5eb6d04de5f369f9c5937a65,NodeModule,22/02/2023,1
39,0x1fc20fcebe06097860f64948626681bb82a04ab7,NodeModule,27/04/2023,1
40,0xcdf5f20d2df3bc5b4432fb872e7ee262e31a0c74,NodeModule,24/05/2023,1
41,0x2c5101ac37147a58d4fecbb45179bc3536253c45,NodeModule,10/07/2023,1
42,0x6e7209c0db7110fc5606baac492ce4dea2efed8e,NodeModule,09/10/2023,1
43,0xd90159162a87cfeb2c56c98ba9c7e6aa50cb4456,NodeModule,26/03/2024,1
44,0x679c5ac3590edeabe413a2209b38f606c115dba7,AccountModule,26/03/2024,1
45,0x3ef1d9c196d629f5306cb9bd3cc5fb5fdd7f2170,AssociateDebtModule,26/03/2024,1
46,0x903a7908b851bab25e5d1f956723a5bb1a2af773,CollateralConfigurationModule,26/03/2024,1
47,0xbd758b98eb94ca6d70b12be429056cbe317cfe94,CollateralModule,26/03/2024,1
48,0xadce03921530ac81f2bef116c3073ec587c95079,IssueUSDModule,26/03/2024,1
49,0x67eafdafa277aa691bcf06164199be6505f178e5,MarketCollateralModule,26/03/2024,1
50,0x095c6d91ca46c69ae1bd052315d5b8c88782d460,LiquidationModule,26/03/2024,1
51,0x631ff7dadf3043eaf31a1be1b4166a22c2ae8549,MarketManagerModule,26/03/2024,1
52,0xa59cea6e24a8829d0cec993830b2b0fbc892b3e2,PoolConfigurationModule,26/03/2024,1
53,0x187fec20126e6781b8c2fd2a5f53c5daa744b889,RewardsManagerModule,26/03/2024,1
54,0xf62b01f17ebfd8fd1040bf8b984523a69f0a414f,PoolModule,26/03/2024,1
55,0x2b596ae44a5d99e9fd42a94ccbb0d28fa460171b,VaultModule,26/03/2024,1
56,0x3a6fb39dc244576f994132099997f122a9473f00,NodeModule,18/07/2024,1
57,0x39ab721a0a843e6184cf92ccbc96a133f3d1bb68,AccountModule,18/07/2024,1
58,0xca2260390a2221e6c3e9c33323dd0fde695b05fd,AssociateDebtModule,18/07/2024,1
59,0xd1d4a8952cbb95a4b600240952ad52150aec54e0,CollateralConfigurationModule,18/07/2024,1
60,0x5c80aaab58f1d146e287af5d5e11beb6cdf8d46c,CollateralModule,18/07/2024,1
61,0x63ebc8ed63b7de482844ede10c5ab04f50ecf36f,IssueUSDModule,18/07/2024,1
62,0x32dcb1eb44953737cae2b8ff9984359a2636ffcc,PoolConfigurationModule,18/07/2024,1
63,0x9d2e092fd18f3bf7dc6a11124ab8365116fc46e2,MarketCollateralModule,18/07/2024,1
64,0xb2505d6ea571639c9902ecca70a1f93a0d321e39,LiquidationModule,18/07/2024,1
65,0x24122032cd490f67180fea525edfcd1e373a8cd0,MarketManagerModule,18/07/2024,1
66,0x8b6603d48d525bd4c118a803044e1c37b9a7174e,PoolModule,18/07/2024,1
67,0x00aad1449059dffb524dd23d21ae2601b0fffb42,RewardsManagerModule,18/07/2024,1
68,0x6418882acd5326477ed374d962e4a7631d64f284,VaultModule,18/07/2024,1
69,0xce7d0e4b048719e35fac66c16e7680c7c086c84c,AsyncOrderConfigurationModule,18/07/2024,1
70,0xdd1ee5ed388b2e2d0503e3e768773ea409ee548d,AsyncOrderModule,18/07/2024,1
71,0xdd4c514839198584ec18a89dcaad08d59831b1d4,AsyncOrderSettlementModule,18/07/2024,1
72,0x4a05757daf26eb0b74b6dfd7b8aa6a787cee14ed,AtomicOrderModule,18/07/2024,1
73,0xaa78b9a428e0e5a3451882688e829ece85784a25,MarketConfigurationModule,18/07/2024,1
74,0xe54538fd29ff476c8a1f131c593828a864896cc8,SpotMarketFactoryModule,18/07/2024,1
75,0xfbeab6621b30f486a2e03bf328c879485d96dfe7,WrapperModule,18/07/2024,1
76,0x0af6e02f3cc1bfeba408383dcd382872fd5da592,FeedPriceOracle,18/07/2024,1
77,0xbd5bf37fc39e03d675d09e0890f549def14f796b,NodeModule,14/08/2024,1
78,0x806b9d4b0a56b6d1d9cacb60aee95e8d885bd55a,AccountModule,14/08/2024,1
79,0x2266e6b43615622c737b881bb430b6ed90e94b34,AssociateDebtModule,14/08/2024,1
80,0x918f7b6fb894cff6548453e723ab06eb74c9ea62,CollateralConfigurationModule,14/08/2024,1
81,0x87eeb627d70816caa91a4f2245c358962610bf29,CollateralModule,14/08/2024,1
82,0x9a088090892327ffdcc01b677f58ee2939fb7163,IssueUSDModule,14/08/2024,1
83,0x5eff594e10acb20919a577794c4e9b4bb1221f17,LiquidationModule,14/08/2024,1
84,0x366439c0bef9d40e8340426ad88d685d8e11d55c,MarketCollateralModule,14/08/2024,1
85,0x3eaee9c1e78fd01fdef8ffe99df9de0551acc299,PoolConfigurationModule,14/08/2024,1
86,0x86c62a51fb091487af1139cfc9590a2eb10940c4,MarketManagerModule,14/08/2024,1
87,0xaa47dc08362fc6fee3408dc09c42855bf3de0a92,RewardsManagerModule,14/08/2024,1
88,0xe40725e3fc5c0277a094025c9a3abca4ee2a2b76,PoolModule,14/08/2024,1
89,0x1c234a5eec9034e542f23c1f31c99d505364c03a,VaultModule,14/08/2024,1
90,0xd8296c6bfccaf00c374826a83be294c6f564488c,AccountModule,09/10/2024,1
91,0x7ff3b04654602014f51692baa0e7a3ef40b3f830,AssociateDebtModule,09/10/2024,1
92,0xe95373b3a8c26d2bec2fd731a47cd49bef3c2cda,CollateralConfigurationModule,09/10/2024,1
93,0xbe5360faae167b08c302e640aecad2af81a97ce2,CollateralModule,09/10/2024,1
94,0xc06d3e74d58c67453130d4cebd6c96be9ad0060d,MarketCollateralModule,09/10/2024,1
95,0xe6f25a27dd45945aae7abc4f2a8dd02212d99bab,IssueUSDModule,09/10/2024,1
96,0x745dd7113e0759c73bf48aed34c70076ad60c805,LiquidationModule,09/10/2024,1
97,0xd86c1352b63d2f4e9554ee35379330dfc1e65f46,MarketManagerModule,09/10/2024,1
98,0xc0f7411c04922b4cb049a3e09ff2df89cb45d11b,PoolConfigurationModule,09/10/2024,1
99,0x9fab0e7bbaf0f1a3f3c4d1df4770e2ccb5299b8c,RewardsManagerModule,09/10/2024,1
100,0x01a4be191964de8272b3411367829038c3f4406b,PoolModule,09/10/2024,1
101,0x6f79c23d482ea6d2b075092289aefb86e761ee9d,PythOracle,27/08/2024,1
102,0xc642c492bbfffb7cca586245a520afb313debb74,PythOracle,02/10/2024,1
103,0xf21842c0dce883d02d0c62ab45aaa2c4dfa4e93c,PythOracle,21/10/2024,1
104,0xc05055e42986954029a463fed5b4178c24b0d4e1,PythOracle,29/10/2024,1
105,0xf1e04aff68bb60af56592d4ac3157be62bf2fad4,NodeModule,19/02/2025,1
106,0xe37042640e497c82dccaf00643013b6418947b92,AccountModule,19/02/2025,1
107,0xcdf47798128b2a771465b5833ca0c3ef1c913add,CollateralConfigurationModule,19/02/2025,1
108,0x7ccb9c6d39364831451f3a40d6411e506424e203,AssociateDebtModule,19/02/2025,1
109,0x8fbf6d64b1e9b679a5cbacfcc4c8ca72df65f251,CollateralModule,19/02/2025,1
110,0xbca246cd7850875e5c6598451b916f3a33a773d8,IssueUSDModule,19/02/2025,1
111,0x50a6b732b9a4dd3caa5f8fb33110728f8f65e4f0,MarketCollateralModule,19/02/2025,1
112,0xb0a8c84360f505e050f4f76042fdc4f29320be2a,PoolConfigurationModule,19/02/2025,1
113,0x7656bdee9f4e7a507fd0c5b2431d3f3690e20711,MarketManagerModule,19/02/2025,1
114,0xeb3725c150ecf8d3659af5d49186970451411c95,LiquidationModule,19/02/2025,1
115,0xd7be1a350a214b788960691ec43035500276ae5e,RewardsManagerModule,19/02/2025,1
116,0xe8e04a78b54455705ab50f612b43739b1de68d05,PoolModule,19/02/2025,1
117,0x6847b8da8733413ce59c9b5db8f78ebacc070760,VaultModule,19/02/2025,1
118,0x94f619642b80bbbae9d466ffbd8cd554c394166d,ManaVendingMachine,19/03/2025,254
119,0x57dd04596d64a2ef9faaa80ce09ad0145d2ee844,AccountModule,01/04/2025,1
120,0xedd60593f675047685d290b78e82815609ed5d6d,AssociateDebtModule,01/04/2025,1
121,0xeca8e18abe37d0633435261225f56954f4980faa,CollateralModule,01/04/2025,2
122,0xec2ceaff77ee3dc138dc95cbdd19d31a8d83d9ae,IssueUSDModule,01/04/2025,1
123,0x2433dd91699776881f68cf215ef05fb6efdde8b4,RewardsManagerModule,01/04/2025,1
124,0x7179f31c6d20d4af5fc5f6d0c8f3a9045e5abd3b,LiquidationModule,01/04/2025,1
125,0xe801a383c8b680b21138b801e067dd54b9a03556,VaultModule,01/04/2025,1
126,0x041f7bac39639b2a1774f526add84e17eb1d013a,PriceModelENS,27/05/2025,10
127,0x548b909a0f8b2a8f2943c840a91641c20575bf74,StVolUpDown,18/10/2023,1
128,0x618148f2bb58c5c89737bb160070613d4e1b790a,StVolUpDown,18/10/2023,49
129,0x7846a7289a6e7131021664b07ae4778cba382c94,StVol1PerUp,18/10/2023,24
130,0xf94e7f50120fe8276b85e21f31c6de097eab8813,StVol1PerDown,18/10/2023,22
131,0xcbabc532d9f2b2761777a9aea47451d37c823c14,PythAggregatorV3,30/05/2024,1
132,0xc5774412dbd3734a5925936f320ee91a2940488d,PythAggregatorV3,11/06/2024,1
133,0xf2d7b0f5cb09928db0f0686f4e64b4ad96e04562,PythAggregatorV3,11/06/2024,1
134,0x0f8e81e42d16ae713c3bfdbc47a50c53207c4e4a,NativePaymentsHandler,12/06/2024,286
135,0x9975a5c7f4fccce40b53672f7f46b9e4a85199f7,PythAggregatorV3,30/07/2024,1
136,0xc40f658462f8c5e779bf67515a48e3f83e804480,ETHReceiver,20/08/2024,2
137,0xf1e95d0420aeda75ebf7804207919ad5616d8792,ETHReceiver,26/09/2024,973
138,0x4f99c4ab8070cb83d369070df10379efa1b2915a,PythAggregatorV3,29/09/2024,1
139,0xd660ab304fd76db5e8a04bddc789c37fa86db596,EthWriter,21/10/2024,1
140,0x9fb289147704fada1cdeaa0738f974d16f177ccc,NativeCurrencyStreamer,15/11/2024,288
141,0x2d7405eb7886febce1b9aec729297cb91107736e,PythAggregatorV3,10/01/2025,1
142,0x8738b2912ea53b3d43348a138bc8ad3bb145f6c9,PythAggregatorV3,29/01/2025,2
143,0x20d12300b4805708d4293d29cb83c1e01d6f8913,PythUpdater,09/02/2025,4
144,0xd96f2ad5f40fce3fffa7a06e7d7ac5bacfd8e987,NAVProxyUSDTBPriceFeed,18/02/2025,1
145,0x4c43f08fd41d720f3b53c35ff49fff9fc0343ee2,PythAggregatorV3,22/04/2025,1
146,0x596cdf5d33486b035e8482688c638e7dcaf25a7b,PythAggregatorV3,14/06/2025,1
147,0xd1b575ed715e4630340bfdc4fb8a37df3383c84a,Getters,08/08/2023,1
148,0x1f37f93c6aa7d987ae04786145d3066eab8eeb43,SettersGovernor,08/08/2023,1
149,0xdda8f002925a0dfb151c0eacb48d7136ce6a999f,SettersGuardian,08/08/2023,1
150,0x06c33a0c80c3970cbedde641c7a6419d703d93d7,Swapper,08/08/2023,1
151,0xe8c2c34599eaf8006e466398b378067db7d3c479,Production,08/08/2023,1
152,0x1e45b65cdd3712fef0024d063d6574a609985e59,Redeemer,09/08/2023,1
153,0x62314831a3588bdb244c855feb6ea94ebaa89441,LibertiV2Vault,12/11/2023,
154,0x03494caa6669a090525fd61a7da6cb3a2d5e64a6,PythAdapter,24/11/2023,8
155,0x271aca3e9b8ed9f4f618875093bd75a7e1b3116c,PythAdapter,30/11/2023,411
156,0xadeb62cf762901adb44fec757abae1cfb804c36f,DCSBulkActionsEntry,30/11/2023,1
157,0x10bcb2aa8b99eec56bc7099c0b54f70f31316b2a,DCSProductEntry,30/11/2023,1
158,0x1ef1090f35431e3e1e92c51ec248ae88cd985b3c,TradeWinnerNFT,30/11/2023,1
159,0x9c70c6c8efd84084f9e6ded91790318b8edff4b4,ProductionUSD,10/01/2024,1
160,0x99fe8557a8f322525262720c52b7d57c56924012,Getters,29/03/2024,1
161,0xa09735efbcff6e76e6efff82a9ad996a85cd0725,Redeemer,29/03/2024,1
162,0x49c7b39a2e01869d39548f232f9b1586da8ef9c2,SettersGovernor,29/03/2024,1
163,0xd838bf7fb3b420ac93a7d9f5b40230f78b33536f,Swapper,29/03/2024,1
164,0x2f1e5d64a7dc7af130f116dcfca70b1569edc6e4,TokenStore,21/05/2024,12
165,0x8deb19172be86bba00630042ae41202ec0c4ddeb,TokenStore,22/05/2024,1122
166,0xd3f9f32a382c6dae14ab27e76191dbcb5d1e586e,TokenSale,30/05/2024,1
167,0x4ef073d156ba84cb20e824113b2612fdc3f004d4,CoinPaymentsHandler,13/06/2024,1
168,0xd938e0b29bfc78a10ff29fb0591d1d3424da0507,TokenStore,21/06/2024,1312
169,0xf51e45e42ac6e162e01f888a381bba8c353c7fd9,PythOracle,12/07/2024,1
170,0x97ba0d1a38c588e9da5f3088a0202e6a84053f82,SaleContract,25/07/2024,7
171,0x2d315ed5c3f665d0612eee602987e95b35c2fc59,TokenReceiver,20/08/2024,1
172,0x37f4fa12bd0e90831f50610b5ee0eda8afdacf97,VaultModule,09/10/2024,1
173,0xeedecb154f90b9d68599ea631276489f0400d197,ActivityRewardDistributor,29/08/2024,1
174,0xfdf97b2890ee79a54e17c5630312bbf36efdbaeb,BestDexLens,29/08/2024,1
175,0x702c3e4f94dd8c0db584e565dc665dd88b0fdcda,Bucket,29/08/2024,1
176,0x16c5c3838504cc6e559af63a63eb14398b9da086,DebtToken,29/08/2024,1
177,0xf3dad8dd8921b1f9ce981bdb4bb3851c94653077,DexAdapter,29/08/2024,1
178,0x002eccc61e55c9d7cb0d8f14f8ef53efbbbc703a,FlashLoanManager,29/08/2024,1
179,0xea2278755e29b732a249e6465c71479e6d976784,KeeperRewardDistributor,29/08/2024,1
180,0xb1a4c7a1037e3b0b9709f180b78581731724e32d,LimitOrderManager,29/08/2024,1
181,0x42ec8c8295d8d3746ab045d6b3a5bce39a64708f,LimitPriceCOM,29/08/2024,1
182,0xed02aecf3dd22e43b3213205398e476eb0a4990a,LiquidityMiningRewardDistributor,29/08/2024,1
183,0x6bba3ff630cecb3e264cf0771f2558dc67321b34,PToken,29/08/2024,1
184,0xbe668d393bb86a34a2c432e739f45cec3308cdf0,PrimexDNS,29/08/2024,1
185,0xf1bcec1e0bf0502365cf5b311ad3324e46090640,PrimexLensPart2,29/08/2024,1
186,0x496bc5aa754daeed0c971edd4ec3d41225a425cc,PrimexPricingLibrary,29/08/2024,1
187,0x5e667d8271cd04f7018f2e2827047c13e406ffbd,Reserve,29/08/2024,1
188,0xeff53abace5c2b901d3c6504edc5ef51cbde3634,SpotTradingRewardDistributor,29/08/2024,1
189,0xbff7cef343250f569e2087b00549b25c3cb3b6fb,TakeProfitStopLossCCM,29/08/2024,1
190,0x6cab05f4160bc863a324bf787dcc1179d8320c6a,Bucket,29/08/2024,1
191,0xbc88907ebd7d375b99dffc6c581229c93d6c30cb,PrimexDNS,29/08/2024,1
192,0xc6f3405c861fa0dca04ec4ba59bc189d1d56ee05,PythPriceOracle,16/09/2024,2
193,0x322c97806b464c2acf56ba28dd36d85aae0e9955,TokenReceiver,26/09/2024,1
194,0x86e513e8b1c580baf9cf9cee43b196dbe65b9f5b,NodeModule,09/10/2024,1
195,0xdbf52908efcdf3c64b6ae279a4bf1ebcce9e24f9,DepositManager,21/10/2024,1
196,0xb36379ca599e4d4cd1879d67c817ff26e39d7a56,CustomTokenWriter,21/10/2024,1
197,0x7c2d5b1e7d7be588389bdb94138cc37dc014e85c,PythMainnetPriceProvider,25/10/2024,1
198,0x21e9d735db12221a787317954bddd7144353b5d7,PositionManager,20/12/2024,1
199,0x4edc5dada9e234c6f436e039fec591e44a66e564,ActivityRewardDistributor,31/10/2024,1
200,0x5c485ef4398dbefb9d30d645ef5a9bd660b7b0e1,BatchManager,31/10/2024,1
201,0x65d798dc7c1cc79def7f05425fcd9d1a02e930a7,PythOracle,04/11/2024,1
202,0x76f623e5e5ddb53b6b91608efaf0de3318286eec,PythOracle,12/12/2024,1
203,0x57e0471ad005c1fd9e5c62035f2b01e31477ea2c,PythOracle,25/02/2025,1
204,0x92b172bd476948d01f858dd3faac4943e3bc775e,PythOracle,19/11/2024,1
205,0x7fc56b3c11a5654e5f193fccea480047ae52325b,PythOracle,10/01/2025,1
206,0x81ff06fd898db289b79d284946a187cc3baf22b8,PythOracle,18/02/2025,1
207,0xfbb3df5aaf8a2114febc462cd5d39193568316aa,PythOracle,29/03/2025,1
208,0xe0f9a1049935df090b679c761bfc726f5c5db7d0,sickofu,28/04/2025,6
209,0x2aea7909372e994935c2cfd28653de110c20efed,SurfBear,04/01/2025,8
210,0x62b41081c97bab61c2b968cc0c49425d3c92376c,MAIN_THJ_ETH_TEST,06/02/2025,6
211,0xbd5111eaa94a1a0031604f151d2173b03c12f171,TestKB,14/05/2025,9
212,0x48003fc38f46759a652c4705929fa801e2c22c26,Bad_Bunnz,19/05/2025,4463
213,0xef0cd0f1362ee213c9f6a4c550337be1e7d96856,MegaRabbit,20/05/2025,9299
214,0x9084f9c7dfb18bd683e4e42479c84e8553124166,Tester_ETH,22/05/2025,3
215,0x3bea26866fce3596e7e994e45a0a65b74e16947e,Tut_Loudio,30/05/2025,4225
216,0x851b728e568c9e10ab8007f27a525fbbed29b259,Megalio,19/06/2025,9
217,0xf83224252a34a8f5d9b9c84d843e57cb2862245f,PToken,31/10/2024,1
218,0x9fdc2ad2f2d800079d719fbb271df54cc2b75c2b,PositionManagerExtension,31/10/2024,1
219,0xa1e04e399f92bf0a10d6ace3c98f511e52106a2b,PositionManager,31/10/2024,1
220,0x8fec6cd32a551158930608c913b364dcf068bb54,PrimexDNS,31/10/2024,1
221,0xbfdd200f6693793ed3dcc4cf6d6750fcbb17a2c1,PrimexLens,31/10/2024,1
222,0x5a1235cd7f233b024273dcace98f966e0e7c7918,PrimexPricingLibrary,31/10/2024,1
223,0xfceb16249df85d59ef3ede19043903e68e3e1c1f,PrimexUpkeep,31/10/2024,1
224,0xdaea9429c0213d44a0650a611791a2317ccd9a50,Reserve,31/10/2024,1
225,0x2aad252ec779c4b6dd401cf788f144ae5add36bf,SpotTradingRewardDistributor,31/10/2024,1
226,0xb0bfd9bc392089df7c84aa684b452226fece18c1,SwapManager,31/10/2024,1
227,0x0c2cac9648ea7241abb4e0ee5603c590cf629678,TakeProfitStopLossCCM,31/10/2024,1
228,0xb7ce0d23af9be49342a23987b23dcda0bb4cd396,UncheckedERC20Streamer,15/11/2024,1
229,0xfd5d87da3786e26f7dec3ac2c04290a5535fe3e6,TokenStore,06/12/2024,25
230,0x3165236338cf656da8545255eff843e07281b92f,BatchManager,08/12/2024,1
231,0x557f7cc7a3354c848bdefc5aa4cda75032b06f29,BucketExtension,08/12/2024,1
232,0x2f04adc96b2f083ab2f9e3084fbe59a6fc3436b3,CurveStableOracle,09/12/2024,1
233,0x9a93520f99112478568f59d4c5ead467943f529d,DepositManager,09/12/2024,1
234,0x045d2675815ac80151f830df4271e93e584df6a2,DexAdapter,09/12/2024,1
235,0x1e404dcd9f4ba7f4a13160b24f0ffffdf37ed7d0,KeeperRewardDistributor,09/12/2024,1
236,0xf397e37724921ce5e8646bf1d56908919583bf3e,LimitOrderLibrary,09/12/2024,1
237,0x501ad8c51547fad19d80069c9e0f0f5a0512d5c8,LimitOrderManager,09/12/2024,1
238,0x117077c260ca347e5f8df28c2a1e600e2db3a9a9,LimitPriceCOM,09/12/2024,1
239,0x59480ff97e3ff54062687138b6621fc91f125b8c,PositionLibrary,09/12/2024,1
240,0xb74bc0cf31630be2dfeddc3ad5d77c84ea1ff89d,PositionManagerExtension,09/12/2024,1
241,0xb5b7a0a655b67c6f99d2a1e47763b5146c033fc9,PrimexDNS,09/12/2024,1
242,0x87a5ffd94ca0345999b2b7e1b14129179b4fe2dd,PrimexLens,09/12/2024,1
243,0xa9ae323eb7240f7978de216899d53a1069ef9640,PrimexPricingLibrary,09/12/2024,1
244,0xd02fa92018eaa84fd627f67ca292866a09ad5a17,SwapManager,09/12/2024,1
245,0xd3b2926a491ea0ad8fa33cb6defa6b3ff438ca64,TakeProfitStopLossCCM,09/12/2024,1
246,0x53e894076587ad3b239c213ee1e008b16591b7cc,UniswapV2LPOracle,09/12/2024,1
247,0xb00ffcf3180505217d1747e88704d197b2e09414,PythChainlinkStyleAggregator,12/12/2024,1
248,0xa5b9fc7038d5e3b054249cf89a065b3bb15d0d28,PrimexLensPart2,12/12/2024,1
249,0xf435a732444089d3e38df19d5f74de9e0d362f32,Oracle,18/12/2024,1
250,0xff3b124099dec5560f69ebeeca0639c77bf7f245,KeeperRewardDistributor,20/12/2024,1
251,0x4a63105e7d0df8fc25250568fcb6f39738850496,PositionLibrary,31/10/2024,1
252,0x4d798d94acd65285f8ee1da57a22c340e1b9e611,Sale,10/01/2025,1
253,0x282a37fe0d70cc82c35ac878f5b08a4be9f062ba,DepositManager,20/01/2025,1
254,0xda2ccf999dee63abbcf448bb2ada7ec75700d648,KeeperRewardDistributor,20/01/2025,1
255,0xd02de40ea549d9632d01f213fa3683ea4d1a5a09,PrimexDNS,20/01/2025,1
256,0x36f249d6fa1d17d3fafd04ad7ab1ed327f2fa2b7,Bucket,13/02/2025,1
257,0xe0b3daa28e5c32b4ab7ee9700b57ce38eef9872b,BucketsFactoryV2,13/02/2025,2
258,0x8e72d060a2212d09feee84ee3981708e0b22fb50,DebtTokensFactory,13/02/2025,2
259,0x091f73485336ccb1b66b41e88fd2fd33ecde418d,PTokensFactory,13/02/2025,2
260,0x12ce0ba0217c253bb040fab6548935b0153110a0,CurveStableOracle,13/02/2025,1
261,0x1ef51577f6ee1c5bb59c0a85a927c6e36b0f62f6,CurveStableOracle,14/02/2025,1
262,0x609b6053512ac823dcc77078bd2ed99e66ff6815,BestDexLens,31/10/2024,1
263,0xa7f0c2c12a649da3de05758a97d4b9b5a6b008b1,PositionManager,09/12/2024,1
264,0xacde14dcd287bc907824a64a3bb7c147ae441c90,ERC20Module,25/02/2025,1
265,0x7988ac69133c5d5e4970476f8d6fcab994230fa0,PythOracle,26/02/2025,12
266,0x4e317a5d98d906f6f329731f115b95cf6af1a019,Bucket,31/10/2024,1
267,0xa311dbbc05232b7254977423f521b3184a3726b7,PriceFeedOracle,14/04/2025,1
268,0xa92038e993f90f6a930074aa97af4eb288756048,PriceOracle,15/04/2025,1
269,0xcfc479dc5371d21c52eead66290b21cda2eb0c9f,PriceOracle,21/04/2025,1
270,0x77f4b459c0d3e910e46821f4347c688ece4d6922,PythOracle,09/05/2025,1
271,0x4e4a2240ec517c45b44aab35bb3c343b22e6a6d8,PythOracle,20/05/2025,1
272,0x3ab78218944cbdeb35c09e0e1b38f1120ce97612,PythOracle,20/05/2025,1
273,0x846601f1c6d11c90ffa72e40c21a28efc30d1812,PythOracle,20/05/2025,1
274,0x06faa7646ae8001097edffd2217c341a54b472dc,PythOracle,20/05/2025,1
275,0xbd5043933f4ab65a8f31ed0ec731cc931115866c,PythOracle,06/06/2025,
276,0xacdac5fefb7514a8a4cc1661af7cb8f3fe7c531d,BucketExtension,31/10/2024,1
277,0xb2eeb93d778c364e7e2274d6299e2aa0c2bea090,PythUpgradable,09/09/2022,1
278,0x3dde106f8704dd0c9ce233e0c85c5673cd390a8f,PythUpgradable,29/09/2022,1
279,0x9a5d53ff09ccf870c751f1942882c1b7dabee79c,PythUpgradable,06/12/2022,1
280,0x35a58beee77a2ad547fcded7e8cb1c6e19746b13,PythUpgradable,03/08/2023,1
281,0xdd24f84d36bf92c65f92307595335bdfab5bbd21,PythUpgradable,13/05/2024,1
282,0xcdaa2fdf0a19e43d5c5220f5aad05c9b2ea59b01,DebtToken,31/10/2024,1
283,0x4bba96f8dca2f341d71310470d73bcbf101bef28,DexAdapter,31/10/2024,1
284,0x33a76173680427cba3ffc3a625b7bc43b08ce0c5,Honey_Comb_Proxy,08/02/2025,4005
285,0xfdcec6b311bdd78255606fb7932ea42cfd012e8f,Sproto_Gremlins_Proxy,25/03/2025,15
286,0xe0b791529f7876dc2b9d748a2e6570e605f40e5e,Honey_Jar_Gen_1_Proxy,26/03/2025,1777
287,0x0de0f0a9f7f1a56dafd025d0f31c31c6cb190346,Honey_Jar_Gen_6_Proxy,26/03/2025,1717
288,0x0a05b3bca6863b194b9b4555706dbb0305422413,PythOracle,11/06/2025,1
289,0x66581ac91373b0c8caf7c593bf78bebb26abddff,DropGuide,04/05/2025,2
290,0x2316a78c79c1d8bb0776129f8a020cf8a5c104c0,FlashLoanManager,31/10/2024,1
291,0x278c31dd5a04f4dce3d055b4ed7e42cf093594af,NEMOM,15/05/2025,3
292,0x158ed66bc58050ce3c241dcc8284bfe825b08fff,KeeperRewardDistributor,31/10/2024,1
293,0x0e9ca5c7f4b937427c941252e36fa36d8424d4d6,LimitOrderLibrary,31/10/2024,1
294,0x23b2e4d61705e427e688789a393294651b941c9a,testtesttestbatch,20/05/2025,3
295,0x4baef0a6d8f0be216c611cbb8405a81604483df8,LimitOrderManager,31/10/2024,1
296,0x03659d6587e9afb92bc10b6cada8c59cdb93f4ed,LimitPriceCOM,31/10/2024,1
297,0x5ca6c6050dda9603a60d3ae12e299e11056c12a1,LiquidityMiningRewardDistributor,31/10/2024,1
298,0xb33d976ba011c5c619397e8e71db8307211fa4d1,InterestLogic,23/10/2024,1
299,0x82e81ef6fbc9464c2fd28c1fc9f01c166d32425a,ValidationLogic,23/10/2024,1
300,0x93f5c828553968c659db847d5ccea61836efd72d,CommonAccountingLogic,23/10/2024,1
301,0x09ad4b3bb2f0a24515391377a69b7fb2a919bf2a,SpokeAccountingLogic,23/10/2024,1
302,0x20b5fba3ca9bace7b3fc421846cb76d0ded4ab93,CommonOptimisticFinalityLogic,23/10/2024,1
303,0x350e13f38b0665f776545d83bc38d7ab1e35312d,SpokeOptimisticFinalityLogic,23/10/2024,1
304,0x732f1b6f02114d33d7012aa119a01b3bda7cddd8,Spoke,23/10/2024,1
305,0x511e839f293d2401580bc160ec840c845101203c,SellerToken,18/12/2024,1
306,0x3c06b13873915d0beeeb8289eed0b8912de55dd4,CommonAccountingLogic,27/12/2024,1
307,0xfe1d41af5867a0d7f653dd13908d985d6d3c415a,SpokeAccountingLogic,27/12/2024,1
308,0x2cb91374624a5ec81ef205db379861b7154d49c3,Spoke,27/12/2024,1
309,0xc2ed21709d6d8d8ba24e9b1e8165604f6130a246,Spoke,12/05/2025,2
310,0xe29578c5aef73b045d0baabee52b223d5cf02443,SpokeOptimisticFinalityLogic,28/05/2025,45
311,0x6e0e8c78d7b894beff66ade8b27b089a53cf4d04,CommonAccountingLogic,28/05/2025,2
312,0xf93353f929b19b82a7f01b61b02844cabf76c764,SpokeAccountingLogic,28/05/2025,1
