Address,Name,Date,Transactions
0xefed2a58cc6a5b81f9158b231847f005cf086c01,Hedz,16/09/2022,5778
0x13bd972b0bfaefc9538a43c1fda11d71c720cd47,BoxcatPlanet,29/08/2022,5054
0x3c4fdb7f458628ef9ed18c5cee38e7a0ad901f42,CryptagendeGame,06/09/2022,5
0x31cb46e3895330751820b29b2d70d4964413c231,EtherLotto,27/08/2022,71
0xe90d8fb7b79c8930b5c8891e61c298b412a6e81a,LasogetteNFT,28/08/2022,14646
0xb4d586fd261c4648b632b5b41d4dbfb8bed23a19,CNTNMCanvas,06/09/2022,4
0xfc5b6839797459e53603f6ed68e7f24df0407e68,EthBombs,29/08/2022,1
0xf5bf61830da2535a6c55e127808f4ec8cf93593b,War,01/09/2022,28
0x3fe19697380ae78e31b2517d2191528324767c70,UncodeAvatars,16/09/2022,60
0x556697ca91476b811f37a851dd2e53ae4c6024db,BrawlerBearz,16/09/2022,18703
0x3ae7fa3ea5635b3b727c042fecfa9b818b9d8ea3,SlimeShop,08/09/2022,1185
0x5e1a29c0ffc4bf6a5d725727ef6ad4c506ae57a4,Echostone,12/09/2022,6608
0x3f723ecc168f26611d199177313fb519c8232b46,GreenGoldHempiClubSmartContract,10/09/2022,2
0xf9089cdad7bbf2fb4cf3992cf9d58d1f50234627,NftCollection,21/09/2022,6
0x587d726e82755d915a5074ac4e13e23561b02a76,MightyLlamaGenesisRandom,25/09/2022,16
0xcea0d8cdc48c1f993a84d6162060cfb8d79eb19b,NftCollection,29/09/2022,8
0x26f9e26af19add3dd85086ea2a8dc95100d8d77e,B4LL3R,30/09/2022,41
0xa310a471408748a137ceed675beddd559c5b1c6a,Dosacrats,30/09/2022,8
0xcec3ca35d00ec061879fc89e764f47d976858f18,TrashPile,01/10/2022,166
0x0a0caae6c9eddbcf87ec176470c314f54ed05587,NftCollection,02/10/2022,7
0x8eb09d241ecc830cd5aa50e34c249333b7b8c952,Dosacrats,02/10/2022,945
0x6debe7514ec0f09c4003729f34c7e137c0737693,PVRF,04/10/2022,1
0x75e38249815f1697f1116d9ab10a3df0cd5480b9,PVRF,04/10/2022,2
0xf7d76a348414ab54c2dbed8f5317dca434c7aca2,Primordials,12/10/2022,52
0x36d9987dfb6008532bde0f7b297ab201b131dd27,PhtoInnovationOfInfluence,13/10/2022,324
0xc38560bf9652b408e60452a775961b72c0ec43c5,TakaraKuji,14/10/2022,173
0xa57e77abfe60e9e3ba84621a95ced54993e491f7,XToFeralHogs,15/10/2022,20
0x00de4ce3bb5cd878971b5866e1e0851dbb2c6c81,MightyLlamaGenesis,16/10/2022,5
0x23f0f95c56b0cac23717d72fb13210190a35cc30,OnigiriLabNFT,17/10/2022,13
0x3f37f0f8012c132bd9a757ff5f4023901cf8f395,Raffle,07/09/2022,4
0x662d50caedd845fcd848713b8b47a878a3b6a2db,PropertyDraw,07/09/2022,3
0x0012f34d420f375bbb2fa504cdacdd724e4b0912,SlimeShopImageLayerable,08/09/2022,1
0x86b52861f0b0dc85c82d8555bd0cc883a3b13550,PropertyDraw,08/09/2022,566
0x46fe0713a2359f9c8b606f163bd7764fd7a510e3,BtnRandom2,11/09/2022,3
0xc1f70446bb46f2fe1456297de92ff0a80abf11e9,BtnRandom8,11/09/2022,2
0x610c0002ffe609065c62667d023b336eb126b248,Bet,11/09/2022,1
0x650f547cec4a48bd0d26913259c45b9dcf142647,JaduVRFGeneratorContract,12/09/2022,7
0x2e48393592b1ca9198976c4d7578fb02a6b3e59b,Bet,13/09/2022,1
0x6a7ae707d53a65e985eb04e2e45ff4666010b66c,PixelvaultDraws,13/09/2022,5
0x49b3f27670c80652b94144edb670208d9ca14f89,Bet,14/09/2022,14
0xd092f910be70328426530bca92c746de1e0989ec,NFTDistributorv2,14/09/2022,13
0x5a861794b927983406fce1d062e00b9368d97df6,VRFV2Wrapper,15/09/2022,4
0x644d79b4571c24da51723223f719cbe690e7a6a0,VRFV2WrapperConsumerExample,15/09/2022,30
0x4dcc030bcd0fe0cf03256ce135ebde26e5d814bc,Battles,15/09/2022,3
0x67b2f86d081c34259f0f65117923d2fdd5cc7788,Dice,15/09/2022,9
0xdb782c23795eeec41499f69edadddd567ea6a6aa,Lottery,15/09/2022,104
0x7b7c35da5e504074654c38b7627ec4c6e0986953,OverUnder,15/09/2022,106
0xd6c01984560075399a90b6d51d18e87c9471152a,Raffle,15/09/2022,19
0x67435cfb04bdb752c60012eb853048e1195e8cee,CoinFlip,15/09/2022,9
0x58437fd814ea38590340ba2ede1592d587b63875,VRFv2Consumer,16/09/2022,9
0x92a66e0642eb0c3388f922e85ce0e76eeb688bf6,CoinFlip,19/09/2022,102
0x0128fa289607cfbbcaa795f2e672ed04de9d188c,Raffle,20/09/2022,49
0xbdd5de7be2376b192545851e16210e54e2428a7b,Raffle,27/08/2022,52
0x5c1b67ed2809e371aabbc58d934282e8aa7e3fd4,NFTdistributor,29/08/2022,1
0x5b0f960b65f25f949ed7326563b1ba46d186899a,SeedGenerator,26/09/2022,3
0x40f99eed78e464ca7b0ad83b5b90250d5ebfa877,Raffle,26/09/2022,38
0x5a2ecce99a1af4ccbb2d01fdb1b169efa1b016a8,Raffle,27/09/2022,28
0x0ba12663964b12ba68cdca90656f9f45e9c017c1,Raffle,28/09/2022,8
0x9176748069b98f42d2567cb0a4b3450baff9477f,Randomizer,01/09/2022,1
0x67df508d9428b102b8af9645c1d5a288a7fafc27,YWRandom,29/09/2022,3
0xba1dfd4b8f92ffafddd339e8ec0e959ba62a5913,YWRandom,30/09/2022,10
0x32fa231ad24580b8214d266a2dfba5ddf84c8475,Raffle,30/09/2022,29
0x3e4f17dd5258d459b3e5f69885e05ebac449f6fa,Raffle,30/09/2022,22
0x5a074072fe7f70191209c6d6728f045fd5dadf4d,InvestNFTGatewayEthereum,30/09/2022,1
0x77c94545dab7730095e4febfd2d76621af731b94,Raffle,30/09/2022,23
0x976d05cd3bb3b6eef64119070e8a4dd98c5f49b5,Raffle,30/09/2022,12
0x3cb1db3417958222e5c1a98ba859211b9402a12f,Randomizer,01/09/2022,32
0xb84fbd2a3b28f93eef23f5d46309edde3ca50378,MetatopiaCoinFlipRNG,01/09/2022,2
0xaad520b1ea0b8d2862833d55aff0f459b5824846,MetatopiaCoinFlipRNG,02/09/2022,4
0x77fdd2811bb16c65326bb6e3c7a2c56189577a3a,RocketRaffle,02/10/2022,65
0xf9439027c8a21e1375ccdff31c46ca21f8603305,Randomizer,02/09/2022,56
0x36cb8d2af75bdd994dcad8938531776754111510,MetatopiaCoinFlipRNG,02/09/2022,13
0x392f65511bb144a873e597a7af1b43f3d66a09ba,MetatopiaCoinFlipRNG,02/09/2022,4
0x8aaf7f043a8316fc76007277e2d3eb0191c3849b,Charity,04/10/2022,16
0x90edf693844569933333558a062814c3d8f58c35,MetatopiaCoinFlipRNG,02/09/2022,2
0x5ff6591085c121b0d9771cce4525f41a2c4b84ad,Raffle,06/10/2022,25
0xf0efbe27267315569308b21d2a4fff4ec277f4fc,Raffle,09/10/2022,17
0x265511fb364e61f2e25482f392df405b36cdadcd,Raffle,11/10/2022,17
0xa19b514067dc34d46fd070c1aaaf68be5b1b8399,Raffle,11/10/2022,16
0x665a25e1e8a5cd906c9c30d9b7cc0c9c1f42f03a,Raffle,11/10/2022,25
0xeb93eec7b9c63d1589b12a3bdbe199bab47d220a,Raffle,11/10/2022,15
0x18b9b62749fcb227c493015244e6939d8f01d0f3,Randomness,12/10/2022,49
0x71193e24b8d935a9b012d558f3f1813cf24d7ebc,MetatopiaCoinFlipRNG,02/09/2022,5
0xe0666bd80421e366f15c180df44d963d487d9db8,Raffle,12/10/2022,23
0x68c8d8184b68c6afb8adf2e6ff6b1598896bf664,Raffle,13/10/2022,12
0x81336c6ac2f962a54affaf589637356b82cc6a34,Raffle,13/10/2022,14
0x36c11129755a08f0969a558879c929f8b0329d88,Raffle,13/10/2022,11
0xfacf3c3bc9a759216dc4552d31d7cea5ec0faafc,Raffle,13/10/2022,28
0x3c3dec3a9cd93691be7027f368258de6407f39e5,Raffle,13/10/2022,20
0x03a9f201e77ad456e3f48fe6dcd37f300107372f,MetatopiaCoinFlipRNG,02/09/2022,4
0xfe3bac024c7ec54bb825c8133457e3a651d6d501,FloatingCityDraftPicker,13/10/2022,23
0xe9925750d62ddb6b3b34d5117418cefe265d1740,MetatopiaCoinFlipRNG,03/09/2022,4
0x2da06b38079d7b301eb878f73df8793e3e60f8f2,Raffle,14/10/2022,7
0x4ae2577f48cc512ef57dae25e2b8c9789eff9659,LuckyRooAirdrop,14/10/2022,2
0x1deef1d1987258c91b27cda42d5441352f9830e7,LuckyRooAirdrop,14/10/2022,1763
0x5b911f45a19b79d86882db70f0895f8a0f0ca560,MetatopiaCoinFlipRNG,03/09/2022,2
0xfe68e3f51f9c79569eb3679b750e617b423852f9,MetatopiaCoinFlipRNG,03/09/2022,10
0x86acc38693940c9cc5daeef69cfba7bf5da16796,Raffle,05/09/2022,2
0xbe39ec913a98c56f7b4cf0d2b5f4e48af1b968d0,Raffle,18/10/2022,12
0x682c31ba789cfbe98ce02ccdce4e9321bcc2aaa9,Raffle,18/10/2022,20
0x01bcf03ecfede8e38c18c2b5dc48cd5bd0006237,Punk,14/12/2022,149
0x09ee12a168aa1e8221508020342a433747be47ff,Deviants,09/03/2023,2167
0xf0a38d0515b9c764da25517902c2cca377a4f226,SquareUpContest,05/12/2022,136
0xbeef5cb69b6ad030cab9887263a0644e48207db8,SquareUpContest,11/12/2022,70
0xdcf68c8ebb18df1419c7dff17ed33505faf8a20c,NFT,24/09/2022,18833
0xb6deea49e390957dca7a5ad281432eba82b251b9,HypeAliensGenesis,31/03/2023,297
0x0c4a49567cf002a99941cb19c973e794c04b8c30,BigBankTheory,06/06/2022,1075
0xf814f1cb49a884d72eb3a3091055b06a924879d8,Legacy,11/12/2022,69
0xa15d90bf81c8477905d34d982ec8a9737a4ce164,SquareUpContest,15/12/2022,52
0x5900c763b5e30e6298effb631b82f6a7801fc682,BearFruits,06/04/2023,8
0x7745c66ee7993b2e5fe9f515ce95752b4dd871ec,SquareUpContest,08/01/2023,51
0xec66b54722ab45ad874597a48915fca41b00b8aa,BearFruits,14/04/2023,99
0x8e5bb30e807a8e297d7c6273029438771c4456df,SquareUpContest,18/11/2022,17
0x1926cb7b4928f8bd36dec629e6c22bdadf95ffb4,SquareUpContest,19/11/2022,232
0x08aa697896ae52421177ce2afe04fb68b0431c0d,SquareUpContest,23/11/2022,236
0x2a38258364db3397e2bd89211063e2989c3bf9c2,GasMonster,30/07/2022,39
0xb255c74f8576f18357ce6184da033c6d93c71899,vMooneySweeptstakes,30/03/2023,36
0x7cd691a80645cb9caf9068d2061487ca83da26ff,TreatToken,01/11/2023,48
0x93aaee888b977ec787cbf0bccaa567aa2c51a230,SenseLabs,29/03/2024,3904
0x3b3ed31e454acff786043633812d2697066cc948,EmpireCity,09/07/2024,22
0x97fb1d26933fcd8f4522a652b78f1748205c1f15,GasMonster,01/08/2022,10
0xef0779594f0ab62b11e2a497d66eb5ffae72915c,GasMonster,01/08/2022,70
0xa4741ca34692a45c20dcbb24dcdf51fa2ce3bdb8,GasMonster,16/08/2022,116
0xc5eb8f7331e33d8c12321fb75d6ba4be5fc9b96f,GoldenRatio,24/11/2022,21
0x66be1608716349c6cfb0b01497ac081d9d6e8dcf,ZOMBIEPEPE,24/10/2023,77
0x08a72a8a49debb183ac5c0f25053c23c863c9a72,TributeBrand,14/12/2022,1552
0x7e750a742b3b56d3b14f13fba0a466dbad3fe020,HypeLuckyBag,18/12/2022,13
0x5181ecbb89ab8e295b7f1a88acc26d5527b1a291,testingMintInNft,11/01/2023,1
0x604cc5b7df1c4d3927471656391047273502561c,testingMintInNft,11/01/2023,2
0xb56fb89c5a29165547bebbc570b5feffac75233d,HypeSaints099,12/01/2023,149
0xf1a3225a96c02160c0c8e7676c54d91907246eb4,ZeroPointRaffle,21/01/2023,2
0x3f82873d1507172594acd512160c3544b67cae7b,Lottery,23/02/2023,1
0x7c9bfd926bf705178c054cc0ac1041e83f98c2f1,Lottery,27/02/2023,1
0xeea24ab794d50d222d39f070bb8784cfc07e6cd6,VRFv2Consumer,08/03/2023,22
0xb3c8a4d882533bb072542d2f984b0b5ed91d246d,PanzRaffle,14/03/2023,6841
0x11bdfe278bbbcd746065cc36424a61565c6e8d4a,Ticket,20/04/2023,6
0x775b0cb1ef9a65db3a2f0d1c65c2696d39b9c872,MiladyColaRaffle,22/05/2023,5
0x2c816b0ca58256703cbcd19825556a48dfd16174,MiladyColaRaffle,22/05/2023,177
0x4d5f9572e563bb595550505bae19842bb15300dc,Lotopol,19/06/2023,1
0x57b2a85cbea7d5902edb94b8bed4b6b1025f210b,WeaponToBlood,12/07/2023,237
0x12c13f153fa06af36695c369d70f10d8b904e609,MiladyMakerPartyRaffle,22/07/2023,26
0x041cb04386f0a07da0ef31ebd2593f3c685a93df,DracoCoinFlip,25/07/2023,7
0x85f4a8a66c9a9bc0fbf2917a13c137846e7c820f,DracoCoinFlip,25/07/2023,14
0x489cf69f137e9dd7dd5f299c1d6c5560f90a1cdd,Lottery,10/08/2023,2
0x0ece235bbc6e017d69ded3e86675bbadd712bd7c,CoinFlip,28/08/2023,6
0x3d43f33396ec7126ab5b9e7eca250464d6e80e94,BlazeJackpot,29/08/2023,24
0x275c0dc242dfbc7f425ea0e64ef4383252dcdce2,MiladyColaRaffleV2Test,22/09/2023,15
0xc687c0bb161407772927506051642c414724556d,MMM,26/09/2023,2
0xc36ca15833b4e6276525a486dc36c482c3dae4f8,MMM,26/09/2023,1
0x6d9d415d141c6811e2fd79514972ed196bea1919,MMM,26/09/2023,1
0x48a2e7be77bebdadcfb47d73e5a64219ba316fe0,BlazeJackpot,05/07/2023,95
0x3923dbf6b2ce2634d5c6a01c23ab37d1af85dd67,Dao,21/10/2022,1
0x99e1d94e9b9d433feb39edade9278a085f206b59,Lottary,11/01/2024,4
0xc72f0245099650874924d37f89fd74ae85f8527e,Dao,21/10/2022,1
0x01bb6f3bbc90dd63d17765e944e90ba583852ac7,PixelSaurusDraws,05/04/2024,12
0x3fb8d41a757ed20f4288493a6712a98e57fbc0ef,Raffle,21/10/2022,294
0xefbb4693a3e7c978143d04e577184389c8f83b5d,ChatPuppyNFTManagerV2,03/04/2022,14
0x957e97a5b25f26dd5b3792f4d6d5cb492501b90e,ChatPuppyNFTManagerV2,11/04/2022,12
0xba88af73b20450d14b702e6b5e08c836af47ecaa,VRFv2Consumer,31/10/2022,4
0x3f781c8232308ae00d62eb7a8efdd30f75936d68,Giveaway,29/06/2022,513
0x8cbed28c035632e46af66f518404724e5bb4abae,AmadeusVRFSubscriptionManager,24/07/2022,4
0xed9ce4c1bf22348804572ed0a917d1f7f5b4bfe3,spinContract,25/07/2022,90
0xf6aa48431c6b2392a20155651cf255d1798ffad9,VRFv2Consumer,04/10/2023,7
0x8fe623962f78d21647d6b21d171b6192edf04e93,CoinFlip,01/11/2022,74
0x04b2f1466198ac3f5e2db2174d4387b3c24cad8a,VRFv2Consumer,09/11/2022,1
0xa30d43015d7c672748a76c5bbf0ce99da9e94b58,spinContract,03/08/2022,49
0xef880f144b8f5d646a612517b575472410c6dfbb,slotContract,03/08/2022,70
0x9605fae39efccf4157848e535ea8befbaddaada9,slotContract,05/08/2022,42
0xae04ae296536c79ee572539a2df91cbb39ca6b6e,spinContract,06/08/2022,13
0x09ab5dff31ed8a501c8646ea79b82273a61e2ee8,PiggyBreaker,15/08/2022,228
0x5e061a42193fefe64a0c1ecfeb17519d58af3ad0,SquareUpSubscription,18/11/2022,21
0x15efdf30c3a32bb0513339bfc87f3d304990ad8b,JackpotApeRandomGenerator,24/08/2022,2
0xbca54cc6ae92ea3f260e373451a2bf4a924966ab,CapsuleMachine,29/08/2022,17
0x6cb97bcd2d329f0da3fab81bd79511d3e4c4d183,CapsuleMachine,09/09/2022,53
0x8d4b523fdeb692dea3e53a8d0f2af57a5db274db,CapsuleMachine,16/09/2022,84
0x7a08865a3e7c291f3b794210bc51d559b49dfd15,TheKlaw,22/09/2022,1555
0x365ef161a634f91ffa14de7d8eca3704adac0a2c,GamoFlip,26/11/2022,8
0x216a2474b74ed3b8349cb3a7cb4c2d5144456b83,CapsuleMachine,11/10/2022,32
0x8633b0c14dba6e3437adbb7c8cf3a27ebfc1e60e,MarquisBanquet,15/10/2022,2
0x6665a2f19bc71d5941a9403e0d56326aea69cd94,MarquisBanquet,22/11/2022,2
0x2dfc2af4a106fe25d6a4a0da11a684cbb382a2b8,GamoFlip,27/11/2022,90
0x2edb50d8a20a5db3afaec8fb5446839a2a26bca7,MarquisBanquet,01/03/2023,2
0x9fd5347c91d6b5fee11473a638c9981baf26abbc,RNGServiceChainlinkV2,21/04/2023,1
0xdf11a92274d027740207da259804a38ca0e0edce,JackpotHandler,07/06/2023,5
0xa63ab12f3905951a5ea1dd9f03bb389d7df6973d,JackpotHandler,10/06/2023,4
0xe2a92856f6b5ac556ac4a7ebce63b72cbf9b22b1,JackpotHandler,11/06/2023,34
0x53c3ff737bf915407c492f0fbaff0599f94286d2,SendItDistributor,16/06/2023,1
0xabeaf7276e7ccb235a1f69a6e44fed4670a9d023,Loot,26/07/2023,3
0x436f4075242e77a031e28c067b297cbbb9ecb445,APELoot,27/07/2023,1
0xd937696c01a6b09ff981313af3585e0c1f1cb55d,APELoot,27/07/2023,9
0xd4bb11b0bdb522f7e8663bb6c80f4ee06e6a9c24,Jackpot,14/09/2023,24
0x3564d4997313136283b0514883d2458c171c782b,BlazeLottery,20/09/2023,200
0xaa58ea1478d3eb3c232435d0e60cf13711c938ab,ETFApplicationGame,27/09/2023,556
0x24ab7c8daf352b1bd2bea4d6a53cb7e178139346,VRFv2Consumer,23/10/2023,1
0x2d052e5dc5a4b515f1794e91af3fef65cdc8eeb7,LuckyNFT,05/12/2022,1024
0xf3fe1b57ac4109c2141410a16c196778e3ca8359,ConfigFacet,10/11/2023,1
0x3e26021c77799f8dc7fa64957d8f324c971035fb,FishFacet,10/11/2023,1
0xe7c2a8abced933e58c1425c160023948c43eb99f,CCIPFacet,10/11/2023,1
0x6ee3413750e0c231ecd33745de3d1ea5a5da5991,DumpFacet,10/11/2023,1
0x06faf68c01a78e46384d43114b22d34c4c81a5f3,AidiRaffle,09/01/2024,4
0xc5990790f28aec6c5bda469cf7052b996c36ba7f,ChainLinkNeowizERC721,19/01/2024,7560
0x9c80777cae192e5031c38a0d951c55730ecc3f5e,ZombieClubToken,01/05/2022,33614
0xc69dd0dd8c284657f2a894599d9664c5f1d84507,TacticalTigerz,22/07/2022,309
0x6cbbd083cf87a599cdd6b91c2ac9a63aa50d9a7e,MEE6Avatars,08/06/2022,934
0xa9471b24db6d89175e113178d74e751905048f1a,CuratorsSociety,31/05/2022,990
0xc24e2c15bec615ab0199dc1ee3694b04fade1987,FartingShiba,12/07/2024,17
0x0c3646e299e1955f535f736b5cf5948e79da0678,Fatboi,21/01/2024,1
0x3460f64f86653977e6f9718782d12e493ab8ad8a,Fatboi,20/01/2024,1
0x1b555cd4b4e523a657b6800cc3a6a096ef505c9c,Fatboi,20/01/2024,2
0xe96009e5d7ac5dd42382d141c883627255751ed7,Jail,28/11/2023,380
0x79b5665090945020014587d8f4a6730a004299cf,Fatboi,21/01/2024,71
0x993b943ebc4f74ef4366de24f9dfb60f6ffb71cc,Olympus,20/02/2024,99
0x66ba6bc10aa1b414af363a783e7cfaf6335184c9,Olympus,20/02/2024,274
0xcd12cb6d5e6d397206e2d3c31099d582b01f2212,BabyRaccoon,13/07/2024,4
0x7cc3c4f9883d7597a6be09295c810cba1b135166,Cryptolympics,02/08/2024,20
0xe7f28c53ac90fe9a196327bc6ad1c1a687701089,LuckyDog,05/11/2024,185
0x3d52aee01ce3e25f528b31615892723a27b79087,RagnarokS1,07/04/2022,1
0xc7e44940724e48a44275713c0d5df03fc15da4eb,Vrf721NFT,18/05/2022,15
0x08d5a926581e82f1009492976aecd13137bdfa4e,NFTToken,14/10/2022,4
0xac542663f1be1fc4202726e0b5887afe80f5a1c5,MegaHeroesNFT,01/06/2022,4
0x937feb561e5e7593141c3c0f2bf35f9001530c6b,SmoltingClassic,30/06/2022,308
0xd3f69c8173e9ff0d31c0c8c9ef3ef4956214df31,TacticalTigers,21/07/2022,1
0x0bfee9f1a0a974ef442422356abe6ae6ff610bf6,MedusaWorldS1,26/09/2022,171
0x43e7d4a473ddc57188fffbb69bdd9494cd303a36,NFTToken,04/10/2022,2
0xaa50311a317fe2272e8077708f7a852a175b78d4,RafldexCryptoCoins_V1,11/10/2023,79
0xca0bd2d68b19553826e34201c89248f809507e4e,RafldexCryptoCoins_V1_1,11/10/2023,930
0x17a2e137e519f04da792ca250a59e390f248b211,Flooring,13/10/2023,1
0x01e3ffec88904c7af69579198a51ba5443c6662a,RafldexCryptoCoins_V1_2,14/10/2023,192
0x780530b7b69c6ca58fed5cbf18a842514a3f6e43,CoinFlipUsa,17/10/2023,1
0x79633bad7394cdbcc03853d273dc92d463c65f81,CoinFlipUsa,18/10/2023,3
0xf4dba92c6072860995cf713e68e2f57eefaeab73,Flooring,18/10/2023,1
0xe3df5b001575a4ce800f6f3770b7f22cbe95d8f9,ChainlinkVRFV2Direct,18/10/2023,1
0x453f8714935f564de2e8af3c00d52447a58b2c14,ChainlinkVRFV2DirectRngAuctionHelper,18/10/2023,221
0xfa1cf7227848472d7df9113cf62f19840ce8f2d3,RafldexPVP_V1,23/10/2023,168
0x2d250f6ae1b19bb0bc31f18277d514339cdb22cc,CoinFlipUsa,25/10/2023,3
0x98595a2d70fe2241260d9af89db59af150f044a7,RafldexV2_5,28/10/2023,2470
0x10dfbcfc732467c4cb0e18c21f20f8db54efcab7,RafldexCryptoCoins_V1_2,28/10/2023,7063
0xa1e32a5f65c2208bc5823a55e02085ea558199f3,Flooring,01/11/2023,1
0x6be220916f45142ba36f9cd5e1d322a3f74d26d2,Flooring,12/11/2023,1
0x9ae801f08dcc1aa6d7067145f432a8643b30f24d,Flooring,13/11/2023,1
0x4bd025fc586020ce104589d5c583321fec288e43,SphinxRandomNumber,16/11/2023,3
0x69c4f393c517dd05c551d1fd040a124d2ec96bf1,Flooring,22/11/2023,1
0x9ebc37b4fa47bbff2258b4cbb66cd929db144460,Flooring,04/12/2023,1
0x467fd122cfe37a191f1a1ef0fb6ff625550d0ad5,Flooring,05/12/2023,1
0x4670a4cbc83faca10cf7e5d2baca51c0a2526eb7,Flooring,17/12/2023,1
0xd935ad0824c90cf3de43495d2d6def8a25b9b4dd,NextGenRandomizerVRF,20/12/2023,3
0x8e5329264076f69dc0131a78ee09241b2db8c305,DegenContagionContract,22/12/2023,2
0x55879aeea90fc41d4520342202a28b6dc01a00ee,NextGenRandomizerVRF,27/12/2023,2
0x7b222a2afc1d1e453199a4e0c8256a631a3b2358,JiLeHouse,09/01/2024,23
0xb9662e97aecb51512680b97a62f81487262a26a3,Flooring,13/01/2024,1
0x31b2ee31f62e7976e0292465568cd71d38556905,RNG,27/09/2023,1
0x7612023fc6deb9c75566a19fb2b176003f1a45f4,Jackpot,18/08/2023,11
0x1204deb7977f8f4b2ca4424ef0b693d3c26f9b0a,FullMoonDegen,23/01/2024,2
0x129d453253dbce5cf6997db8fb461b2a20fd275f,NobodyReserve,24/01/2024,23325
0xf2b67880dbbeb09726e4a1c138808b646d5d4ebb,VRFLotterWinner,29/01/2024,1
0xfb1e3a96a1a46ee2ce23636eb16b7951e94f6c21,Flooring,02/02/2024,1
0x86bd616460b239f1ae7e8bf5495424756c1276ae,Battles,18/08/2023,38
0x1607f80535363625cc66878eab7cc2e1ed9ef0a7,Bet,19/08/2023,6
0x837a9da4864bbd2f30fbfe7c9c1135d9d1a045be,Raffle,26/02/2024,20
0xead851d5d22ae4d6130b77756509e8a3c9fe4c55,SlashTokenDrawChainlinkTransientV1,01/04/2024,
0x629c378be983e4acf77989599237fecfebbd5664,Flooring,31/05/2024,1
0x25b887a3006a2d56b496f70efc8efcf472ebd075,Flooring,31/05/2024,1
0x4f5315efd9715f44e3d1f6579732c930caf0c683,SphinxWinnerPicker,30/11/2023,3
0xd86fa7f45d99f8cc3f86c623c0ee5de9786044b9,Battles,20/08/2023,92
0x0d51a33975024e8afc55fde9f6b070c10aa71dd9,ChainlinkVRFV2Direct,31/08/2023,1
0xadaba1d90a7a2e8d8736925a2ac51af989c9c68b,Presale,16/10/2024,14
0x38449a6b7bb76638452273925c9a2ba818bd130d,ChainlinkVRFV2DirectRngAuctionHelper,31/08/2023,56
0xb82adf3fefc7e8e3fda454816618e3c79c5ec4ce,OlympiaWhitelist,03/04/2022,246
0x6c02eb58354c0f53d4ba024b1b2b94fa7b1b9389,RafldexV2_3,31/08/2023,689
0x1e9f3edcb917d5ee7bf1761113e17ac31f7230ab,RandomNumbers,08/04/2022,8
0xb09b88ac29dd39b4a719650c44ac787fa2d2d7a3,RafldexV2_4,05/09/2023,1862
0x65408355ffe5a612e7246b8e96ec8f3a3b3d06fc,Lottery,03/05/2022,544
0xa785075a52035ee82a0f1d79f4252341730967a5,WinnerSelector,04/05/2022,16
0xde0cfb0f4eef49f42eef698da25ff0aeff57b317,CoinFlip,12/09/2023,36
0x85fec3145d935a52006dabc7a857b36d976deada,Raffle,18/09/2023,4
0x4c981e20f6be3bb3eef8e581f44d653c37d80c9c,Raffle,18/09/2023,102
0x5cdabb10fc4418195b125bb38c25e4b2f4de9a9f,BrawlerBearzSupplyCrates,21/09/2023,8
0xf25402631064fbb8462f160c39e2aceb0f0958f9,BrawlerBearzCrafting,01/10/2023,8
0xbd082cf0d39426dcbb181a73a32fa305a98207ec,VRFv2Consumer,24/06/2022,2
0x50a0612e2ca5d9f9dc4eee7428788cd41a75c466,BrawlerBearzSupplyCrates,04/10/2023,3
0xfc0c21e900b26a27d0eceb9d567f86679af11fdc,BrawlerBearzSupplyCrates,05/10/2023,14
0xc8ca3d28add5a9d9e6ab6d88968be535b70816a8,OverUnder,06/10/2023,111
0x6d9299ca48596434f77f5459293432ff6cbbed5b,AmadeusVRFSubscriptionManager,24/07/2022,1
0x13924c137ca3132ba2fb9bd5ffec35cae35b9c5f,NFTLottery,28/07/2022,1
0xd56572e0874433455be854e35643a6f8a002cda6,RandomNumberGenerator,28/07/2022,2
0x08a0cea377c373bbf2c68208c78058cfb4d5e29f,NFTLotteryFactory,28/07/2022,1
0x4d19f577394a3aad73d39137270eef177daf11e0,NFTLotteryFactory,01/08/2022,1
0x24a3667f8cdd4125ae480b312c7d76a750c5fcfe,vrftest,31/05/2022,4
0x725241dd8a7abb6d0211ebd886e677833ba82ced,LuckyNFT,21/08/2022,132
0x93c000e9ef8fabe586e44569508c499265620e87,LasmetaLottery,21/08/2022,1
0x17c9f2317b98acb2769c05a9537dc10d93b4153e,RandomNumber,08/09/2022,1
0x953fc1a37237648e6a4aa9885ded537f961a2e18,RandomNumber,08/09/2022,2
0x9a2083db3784ac902dff8335bb3a4fd6515d146f,MutantCatsRaffle,13/09/2022,5
0xe317d310bd2d71fc3959ceeba470a650d6887fcf,RandomRabbitChooser,22/09/2022,1
0xadae61c3d7d4853f71f8e0623fe70622c708f266,Dao,25/09/2022,1
0x5155ddf109c239dac6122365080dfc63e6d16d86,FloridaManFlip,08/10/2023,11
0x00698087b7edb3821713f886f384df53c2d14a80,Battle,08/10/2023,17
0x509f83135c265c6ae1da44f0d97719ddf972a999,Dao,08/10/2022,1
0x2f000252f915e5fdc79cdd594e38236b7e2ab56e,OxyaLandLottery,08/10/2022,4
0x51e6abb598c1e4290584fd78145b49650fb0d4e6,RandomNumberGenerator,01/08/2022,3
0x553539d40ae81fd0d9c4b991b0b77be6f6bc030e,SmoltingInu,15/09/2022,562
0x3fd36d72f05fb1af76ee7ce9257ca850faba91ed,ElectricSheep,24/06/2022,25003
0x543d43f390b7d681513045e8a85707438c463d80,WebaverseGenesisPass,06/08/2022,25841
0xc265ecc81c63cd962147b27de2560fe3110cd819,TicketNFT,16/09/2022,5
0xb433165f1fdd851cff81507f687cd0b04b3214f9,MyFundStorage,28/03/2022,17
0x0d80b9d0783a2d6e3c81d9c92b00bd0e5b2850c8,TicketNFT,05/10/2022,3
0x099f1819b40b826c5ab51cad5cc35ac59f3bc65d,VOLLEYNFT,26/01/2024,4
0xb26d9170d8b2e84eb352c38f9e521b03fb046f57,VOLLEYNFT,31/01/2024,9
0x2abd63ce3308f214de90c4a7a00ec125636cd9fa,MyStorage,02/04/2022,9
0xfa6652f97f81f0dce17407192e70b1f4843a6218,SpaceNoodles,03/05/2022,1
0xdad1e16e83c9ad18983f05dd14e34d9209f2ff28,WHIM,18/05/2022,1096
0xab52f1292e08820de95a6de0736a56dff9f84405,TetraSpektra,13/03/2024,102
0x4a6420f0017e06cbc5fd6ff0b7195176e4a339c2,RUFFLE,03/05/2022,804
0x09e1b0e5897bbf1be4099e433105805c9130386a,MyStorage,03/04/2022,69
0xb0e0698f196e16cd353d409fb19e3536076b7cae,DNA,18/05/2022,11128
0xac1dc28708b2ff61a5d89a74fc09feed065692df,AccessPassNFT,16/09/2022,2928
0x4c1af8f4edebbd73302bfbdb4227ae92a6a64fde,EtherealStates,21/06/2022,932
0x6f5a1a34c197995706b4da563cb494250252bfba,ScreamingGhostsClub,26/03/2023,11
0xe2dd92d53ca040b353e0f243247e9f5eeca41cdc,Droids,21/04/2023,205
0x81f2e73c790bfb10912151ab5a7b411ed391d0f7,TheAssetsClub,21/04/2023,1
0xe6eb4cfd8600832edd617f6d86ab9d63a4fb7bda,TheAssetsClub,26/04/2023,330
0x8bab7a91dafbbf3df3219bb115f687edce48ff0e,OptimismValidator,26/06/2022,3
0x271682deb8c4e0901d1a1550ad2e64d568e69909,VRFCoordinatorV2,07/01/2022,137512
0xaeb7fff13bf3b10ae176de39ee468ae03dc8109f,ArbitrumValidator,15/10/2021,3
0x3adf7b36c7311c6016cd174a5099aac46c3c5416,Flags,20/10/2021,3
0x6181f981a851ed5ee2adf4f9e65f6c329ae26d53,VRFSingleConsumerExample,15/11/2021,7
0x7d2a4c7c0036f26a01c62c53dd93608145e3cec9,VRFCoordinatorV2,17/11/2021,15
0x8ddfd27d75d6ba3812633abc47c7921ce4133d86,VRFNFTRandomDraw,18/04/2023,1
0x012d271dada85af2619f9424d24f85d1512d3a33,AccessPassMultiMint,04/10/2022,9
0x4aaade11879f991acd485e10d2d52a3587b304b7,DropFactory,17/07/2023,1
0xe261b138cfd46fdc12a039cf6690645f35dcfa37,DropFactory,07/08/2023,1
0x5c56b9bd9fd76a668db8c00e9e96d14e93d0e000,RandomTest,17/08/2022,2
0xd1d992377d9d3860f3f987bcaf1f58bd3bce8e10,DaoV2,18/03/2023,1
0xb00d2e700215fadb70d2ecad4e05b1b2c840e738,RandomProvider,12/06/2023,1
0x9def1732bc09f0026b2df31121e79709c3f6dc6d,TokenGatedSantaProtocol,13/12/2023,3
0xa0bfbb2119a0beee2c6e276f394bd2ffba7b2bd9,TokenGatedSantaProtocol,13/12/2023,129
0xc354646bd32edeb0e0f83c872761232efaa19f59,GameLogicV1,03/03/2022,6
0xbb3411843672ae2da29e644b2d4dd58bbbfb2559,MyFundStorage,22/03/2022,1
0x6bc4dfee66441507a2d7e48fce48e3cfbf17efba,MyFundStorage,24/03/2022,1
0xe5938a0185b8919531b8f52866b1b4b13ab5b9d9,MyFundStorage,26/03/2022,1
0x5183bfcc3a1c639b227797e8fcd610811e04bdce,MyFundStorage,26/03/2022,15
0xee34f71590e5544ea1067a1c418ef29f7ee388f4,MyFundStorage,27/03/2022,1
0x1b34e0d9d5e5ea2fefe3945f5abe1a4c32741b9c,Wrapper,31/03/2022,1
0xd3d3834f180ca3e4224ac70abb4702263796af2a,RandomNumberConsumerV2,25/04/2022,8
0x95cefb3bb8657800e18fb991de8c0a587e4a5281,AllowlistRaffle,25/04/2022,2
0x9f3663ad48178ed5c34246d0a0eeb297809aa8b6,PXNAllowlistRaffle,25/04/2022,1270
0xf5adcbb4013d942ad42c197d70166343bca2411e,RandomNumberConsumerV2,26/04/2022,8
0x856974a24b7c7374b6fe477b2c09f88bc5749c83,RandomNumberConsumerV2,26/04/2022,10
0x1ecb8f439221ad8c35fd8a97116fc07d3a06825e,DNA,16/05/2022,11
0x1038ed184e475cf62e05d07f885e2873a80aac29,DNA,18/05/2022,3
0xbbb2ca82d7bc67c9e51ab3a1c4f5ab2a73e8d429,MyFundStorage,27/03/2022,21
0x4671eff52f2c9f3fc7f3cf3c5f1d7720f9aa9be1,DGFamilyReveal,26/05/2022,2271
0x8862b290b5686650b675e2ff1011e06db99d91cc,AswangTribeAllowlistRaffle,06/06/2022,492
0x7399c5e6437269b9ff338251b2e88fb363703910,ArbitrumValidator,24/08/2022,3
0xfc9ab31a5eaa41b22f59c83de71f024e10a62ec0,ClaimGiftOfMidas,21/06/2022,483
0xf4136af7158ff13cee1adcb4f6972ea3d45559d2,EtherealStatesRevealManager,25/06/2022,14
0xb624f6d3c4365d9c5922517770723740e5a8c477,MemelandAllowlistRaffle,08/07/2022,2687
0x91ed5ee4037c46704d30207ff6939ba95f8209a8,RNGChainlinkV2,02/08/2022,3
0x4c4814aa04433e0fb31310379a4d6946d5e1d353,OptimismValidator,17/05/2022,2
0xe85d6149cdcad3c82b963a67c621d67a4e352e74,MetaOrgRandomizer,09/08/2022,3
0x2b410506f1ce2c60d4470abd04a88c15e23102e6,ShackersRandomizer,31/08/2022,2
0xe154dfeddf252495b11261225b8a4cf29aa9fd3a,RaffleManager,01/09/2022,10
0x03c4532747c9f3ce738ce8a9a4354c34d3d6f4ce,BBOTSRenderer,28/09/2022,1
0x49d438246de154e48c74b2d47aa0d60ca7584cee,StructOffsetManager,30/09/2022,3
0xd1d758a803f39b8a5d749b4ece59f00356ee2fbe,BBOTSRenderer,30/09/2022,4
0x02faf67a0d5911b5ecd170968168d9a8eba52f78,KaijuSynthesizer,07/10/2022,33
0x533dac4c434b786dcbb92004926382e84258f99a,MoonPick,14/10/2022,10
0x723f9c44472a17e8f46a86c0ab5befccbbf20ec7,RandomNumberGenerator,19/10/2022,22
0x7451eb31bbd79f76fab72b6523c3f3e0ed666241,Lottery,25/10/2022,1
0x6f8fe6b656ae08a95d46ebc930c9f26d1982d291,VRFV2,26/10/2022,1
0xdf93168fe074dcbcd4b0ad2ec8b253f53c41a872,Lottery,27/10/2022,1
0x6eca3632e65ae5baef1f3e46a033f6d871aedefb,Lottery,27/10/2022,1
0xc6dae970a0d7b90b62ec706a1e5851a57ea871e6,Lottery,27/10/2022,1
0x72514c571636bcb5778da5d49ca0bd343de5fec1,Lottery,27/10/2022,1
0xae9e7ec06a02b8d94ea6c1bb0e6280eda92b82d5,Lottery,27/10/2022,8
0x4adc3ab6782b159de90267d6335e831b83d8c6fe,Lottery,27/10/2022,1
0x7d98f0c2551282aa548c09df8b739bda54ab3905,Lottery,27/10/2022,13
0xbaace2483d0ea92563cb59e5941f65494a641891,Lottery,27/10/2022,1
0xaf38203815fd1ac93f7b123045ad9f07268052bc,Lottery,27/10/2022,1
0x2554bfb3460454c9b9f5c6899ae195c6fd47a74c,Lottery,27/10/2022,1
0xc58642a246a162576626aa83216ab5213fb9d877,Lottery,27/10/2022,1
0x622613d477d0bb510c286ab1bd7f9c7655d05995,Random,09/12/2022,7
0x67fff2dc4b12c03590edc216639226862855116f,CasinoV1,12/12/2022,3
0x1a03347e1ffa36498379b9e20140bb02ea78f991,SantaProtocol,16/12/2022,6093
0x30ca6d3eb1300196d9d1db171cd7d709f493a060,StructRandomnessManager,16/12/2022,1
0x4c165b900e66cbb21c395c201993c65205c6ea3e,SantaProtocol,20/12/2022,107
0xbc9003c48b5693de60a061b9e6a887b31e7b2b3f,FiguresController,23/01/2023,6
0x781230f36b96f688569f342dbda4eb7cc3bbd5e7,GhostBoyAllowlistRaffle,08/02/2023,1
0x0b37f810fa214e78b805023d3489e5b7d74c6738,GhostBoyAllowlistRaffle,08/02/2023,1032
0x777f9b1243034e4c6baebc2cfb10b66db9ec7a67,HonestOffset,12/03/2023,2
0xa2bb8b4fcfa7abcc726e553de1406d0e77b25f0f,DropFactory,24/03/2023,41
0x0a2bccfeec28459e4bf1ff1cfb2deaa74126e63f,OptimismValidator,18/05/2022,3
0xa86b95c8a5409e678517060bd802963acd58d507,RandomNumberGenerator,31/03/2023,2
0x68ffcb1b5f8e5d035c3b4bf49f8f139f49e45509,HoneyBox,20/04/2023,2606
0x371ead81c9102c9bf4874a9075ffff170f2ee389,OptimismValidator,20/05/2022,2
0xbc1b58a9eea87b8677fff0b2cd4c47804bb01065,OptimismValidator,23/05/2022,2
0x37a0fcbf3e9f82c50fd589d9ec3a7b98c045dfae,OptimismValidator,26/06/2022,3
0x688283c89e6fbb2cd000228ef8eb3c361c16c05a,DropFactory,30/04/2023,24
0xbca6f59571f1386196e3f13dc7b2702cdbfccde1,HoichiRaffle,08/05/2023,4
0x0000000000009703ecd0ffea3143fc9096de91b0,Raffle,16/05/2023,7329
0x52e69720be9b7200f7ea509a6f06d643ad24a777,SmashverseNFTByMetadrop,13/01/2023,7039
0x2af55f1fa2ac44e2f5a199ff16e5eafae37b7389,OpenCrates,28/12/2022,1003
0x33938ed162ed460e6ccfb273bbc2831302927cb7,Gasoline,09/03/2023,15
0x990ac7575270f15b556938de7e7fe54483cf3d06,GuntherRichDog,10/06/2023,37
0x8765e43765fa715af70a1e4483814660b48b497c,GenesisBattle,25/03/2023,2548
0xe2bf76fd20408f8968d586162e1cbfe055c1a3cf,xyz224,19/03/2023,1
0x8fa4ad7e01e7f63bcf2d6fa787f5d2bb74151abb,KartoCarsNFT,13/01/2023,1
0x050190c9a4ef1758ac6842492f1fdcc1c0546fda,GenesisBattle,21/03/2023,2
0x6de651e1f5b55dadfecad8cdbd1a2118bbd1199e,GenesisBattle,24/03/2023,2
0x5d52b57b9902b27dc5c69ae92a17c8dffadf4010,Gasoline,09/03/2023,321
0x0bfd16c26053950703072be5f35d429ba9982119,KartoCarsNFT,24/01/2023,107
0xfafdc6cedd0ebbc2edb09bae530a015e270d9d5f,DigitalChineseYuan,13/04/2023,17
0x0e51c6d7f62bd0d8b38e9c2e59be16eb39631b74,MonuversePFP,21/04/2023,419
0xb5e070928a77ede44dec63565c187e149d540afb,PowerPack,30/05/2023,1
0xb48a68acfd34b9c96f6742ced5d145cafb74035b,Clifford,03/06/2023,1
0x3bb2d86803a55cacb878ab877c0737fee0d482fa,DeGems,06/06/2023,3
0xae6d035a4c63b15b781b144cf263545ce8d61aca,Clifford,07/06/2023,8
0x3965dee5ef611d4dd74fc6b6c54c37f643208a5c,Clifford,09/06/2023,647
0xfadfc232f9b3a035b0fac2bd5a6d266da5f24ed7,Freakie,21/06/2023,11
0x6167b129eaeef5ca08f973712f6f9928ed9f69ef,Token,01/07/2023,1
0x770f395133371383d5912a4e74b03c9cb307b724,WojakPot,07/07/2023,2
0x066d75d3c0fa22c3819b2bb4c096480b1c557dcf,WojakpotToken,09/07/2023,81
0x8b4bd256d51ce29184ddc957aae3a1ae55cb5fb4,Raffle,03/01/2023,3
0xef897ae2477776131ef57aacae2cd10b574886fa,LotteryETH,07/01/2023,200
0xc88b8252f45159f90e7a6c833b63ff95d707893d,Efarming,07/01/2023,2
0x6cd304a9b07fc8ecce0a709d8f70083a0722b9b5,MonthlyArtDistributor,09/01/2023,38
0x5e98e16258beb7de25c6d5ccef4be3dc403fde30,AnomalyDOTS,09/01/2023,7
0x250da966f467bae1ff368c48f91472da347b28fa,RandomProvider,20/01/2023,2
0xc59ed94c32fb424a5b62fc1635015c8cfe9dcfda,Lottery,22/01/2023,2
0xdc03db7607f0bf0276bcec79211196d2511a365a,SupermassiveButterHole,23/01/2023,52
0xebcb1cc5902597a1e2ce3510c5fd0ce81cd310f1,Raffle,24/01/2023,8
0x6e4a06f6e7d6d2c4e4c63ef7bf593b48621fea2c,JuuniTicketMachine,26/01/2023,3
0x89b702062134409b23e666bd57032ec135409856,HashRandomizer,27/01/2023,7
0x485e18523eff01d57e20d21050b0a7b54b92d90c,Raffle,05/02/2023,14
0x8a714c040ff952c419eeec37f8e830e775fd9400,InstantLottery,06/02/2023,5
0xb758310c8a396b9608a587b6d6977a505ff27b17,PixelmonTrainerAdventure,10/02/2023,263
0x954d2c1bc4de2a5d973e725f28571a203c251ee2,VRFv2Consumer,12/02/2023,1
0xcc3c4a84a11e80752b217fbb3b2dd9f99de512f5,H2HVRF2,17/02/2023,105
0x850ed40aabe4d06e4a8c00ba4480a469a92095c6,TeslaCheck,17/02/2023,696
0x87d3440372293acf9149552546f7141aae05be91,RandomNumberGenerator,24/02/2023,2
0x347aa06fd1a911078d858d87c4d1ae59be818538,ChainlinkRandomiser,26/02/2023,2
0xda7b125147eb16c27ce215b15b6f4077b3411dea,DistributooorFactory,26/02/2023,1
0x2183e14d06c4fc06a664d737796781b5a31092da,Raffle,03/03/2023,3
0x17c4e5e3f5064a41467161147dbfdb84d0ca8147,RandomGenerator,10/03/2023,6
0x2345bfd0149c2dfb60614cbca3730bbff249895a,RandomGenerator,14/03/2023,2
0xdad010b56dd766704a6c6867da6e175c3ecc947e,BounceLottery,14/03/2023,1
0xd86a7c265e3a5587798b66eb94d66caa5103024c,RNGChainlinkV2,15/03/2023,3
0x87e054d64854d137656ba373112b933398a29067,RandomizeList,16/03/2023,6
0xa59cc018f390b332d1cfcd00f00eb85d66c7bcee,DeRafl,18/03/2023,7
0xc61d923a863833cb8a1a83fdb8241f8ea2e5fb3c,H2HVRF2,23/03/2023,4787
0xb474f03c2c1e15596260cda307f7827cdd3fb749,BearCave,04/03/2023,6441
0x1a0465e0e8df642be18283a170907475af3f97a1,Raffle,21/12/2022,6
0x259aed39e21a17387fe93c0aaca090604bdae57a,RaffleImpl,30/03/2023,2
0x0df2d64b5440bf2b4bcc1074ec0e05d6463a9b5c,PxChainlinkManager,31/03/2023,3
0x0e04b2dbd181abeab7a5d56a4b3f79d31bf33df5,RaffleImpl,01/04/2023,28
0xf59f9f14b0437d9cdc383dba4e7338fda3f63939,Raffle,21/12/2022,5
0x57154f51e65d9e8970babc20fac27b8c9b640fc0,Raffle,21/12/2022,6
0x3623e81ac2b28d00c15662397bfc6bd58f8c7e9f,RandomProvider,27/04/2023,2
0x825058ef7517b02c6049bbdb1eba44ff9e632f3d,BurnMarket,06/05/2023,3702
0xe3b0b9c4532920e9692cfa6ba81d080c39da6843,ChimpersRaffleV2,19/05/2023,35
0x7f68d364f932cb2bda186bb3f6b7cf077b8e3ab0,ChimpersRaffleV3,19/05/2023,110
0x0ff460b24a29749934425e41b6fdbf13b60eacff,DeRafl,24/05/2023,7
0x1e12a9d8beeb7c2118c2a478547e56794d253443,DeRafl,25/05/2023,17
0x11cba31a17622293958d238eedbd7910a66cfdcc,MultiprizeLean,25/05/2023,22
0x30a8c8bdd6cab4c08cff191de16889a760a03bce,Raffle,21/12/2022,6
0x7b00eaf04b0ba1dbc11040c74b699660c12a0590,BatchedPunk,01/06/2023,85
0xb7b397b31a75343884cca1d9a0753791efd1f5bc,UnluckySlug,01/06/2023,5
0x87097e54a58baa2da570d2e9bd666cf328624e14,Raffle,21/12/2022,6
0xe02420e28d2294e64f05c3936a8348b4f88a573f,PsChainlinkManager,06/06/2023,3
0xd047402cbdff3fd89521d062e7a73ce315b06f8f,Raffle,21/12/2022,5
0x7620de0355f8f451301c814e5702866440488b37,ChimpersRaffle,22/12/2022,43
0x46eb00d126d181341de6842de072907f1b537ea6,LotteryETH,24/12/2022,6
0x8062e4902b5d7bbedc1790306763eeb75346e587,RandomProvider,26/12/2022,2
0xb32856f572f3dd96c35d52f1c766cae252c8263e,NounsVisionVRFDistributor,28/12/2022,1
0xbc1edb37f5e161d9b860805a55120da2a9c6e58f,TallyVrfV1,22/06/2023,3
0x6005970224d6d48f04e4c6882a0863b5aa1cede8,VRFv2SendRandomNumber,29/06/2023,3
0x6019b13756bfdd09c1b3f6e2c33134f48d919188,AnomuraSeeder,28/12/2022,43
0x077bd1337e7a04069c014f434eb6ca2c13be4353,NounsVisionVRFDistributor,30/12/2022,8
0x153862192896f2a5a9af3a140ec35c0b395c14b9,Randomizer,30/12/2022,1
0x147c7e661100137cd4285a3682a6fe1a2e23764f,VRFKeeper,13/07/2023,3
0x440405838ef661b9f48d13ab610e48b2df2eb2b5,CoinFlip,17/07/2023,4
0xe9371151512e0e48a8ebff1759599069a9cac120,VRFKeeper,20/07/2023,8
0x9608fbe2497ce127f80c6a481e5095f9553aab90,VRFFacet,27/07/2023,2
0xf88aba7982f6f2e9f795eb12eede65c5aed07ad1,Rafldex,29/07/2023,64
0xf1df3bfa6674bf8b57ecb7d7c36bad77378ac5e4,Rafldex,29/07/2023,14
0x64ab48ea8c549dd95f89fe9a04e75090db60f3c2,Rafldex,29/07/2023,4444
0x034855b38271ca1c62342a226f9218e18e147fc0,InvestNFTGatewayEthereumV2,01/08/2023,1
0xdaad77cffcfb138622daf8ff2448d36352cf49c3,RafldexV2,05/08/2023,11
0x77b5475c07c9d430eb81c0871d4de74d5e839d96,RafldexV2,07/08/2023,139
0xf5018a2ee080b06ad16f8e7fdc94fe3accc335e1,RafldexV2_1,07/08/2023,225
0x08e1bc602c44ecb7932387b6792c3cb0a5c64a92,RafldexV2_2,09/08/2023,4410
0x0cf51da9184fccdd01790b0d65a11d34755f1cfe,VRFv2Consumer,10/08/2023,6
0x9d96821085a23c8eefbcb1f742f6c4e3f20e85f6,RandomizeList,10/08/2023,2
0xb0cdfcb5ad9c836fa4d1ea50fda6f99549d1bc49,Bet,14/08/2023,35
0xbb98011f953203d57043c17d33f443b4fd6c78c7,Bet,14/08/2023,12
0xcf612db8d890f474031d8d7f3e39788d36f08774,DebaucheryPVP,15/08/2023,178
0x7aec3b0d68c2816085a34722a60d141704b49ef4,Jackpot,17/08/2023,4
0xe74ebd3d0939540879c53d4a830eee7e9f85d8ed,DebaucheryPVP,17/08/2023,15
0x00da35067f02c26c961591800bd8bcc7bc695a14,Jackpot,17/08/2023,6
0x6f10040d6a4f2ab8d9fdf641797a78de08ddce81,Jackpot,17/08/2023,5
0x8740540363ecd1e426333b2af89b5d8bd3606002,SENSHI,31/05/2022,8708
0x64a1c0937728d8d2fa8cd81ef61a9c860b7362db,KILLABITS,19/07/2022,21004
0x2385cb9a3ee427e9dcb0d759436d06c43cfc41ee,ChiefToads,04/07/2022,6085
0xb716600ed99b4710152582a124c697a7fe78adbf,PunksThreeVRF,01/07/2022,7476
0xf853b0f7bc806d6067e42aeaa90d35c114adabfa,ANC,15/07/2022,2889
0xa462127735352b1f03da8ab92a87803d05cc6a7b,AswangTribe,09/06/2022,8569
0xcc88d23e7dddcf3dde3fce532f65500ab762069d,MagicForestNoSleep,28/07/2022,13577
0x203393330560cf43893ae7051d1b787844f13080,DragonNFT,03/08/2022,10597
0xb189789434a4728f45b88b009bee5f4b339e3e88,AswangTribe,29/06/2022,9800
0x228d11ae974de7f92c16a1f621341759c56d039d,Kiftables,08/06/2022,364
0x0004477d30634b6c7343701fcf5a9c6867625e1b,Emotons,17/06/2022,637
0xda64c62254e6ffe6783dd00472559a1744512846,GoodMinds,05/07/2022,5172
0x04942f6e50086a371c66d51710b0cc5eea91cf37,Fuzzles,26/05/2022,1475
0x2bf6267c4997548d8de56087e5d48bdccb877e77,SmoltingInu,23/05/2022,1079
0x87a84fd1f96904519ab96815f24dfbb95c0d2aae,MCNFT,12/06/2022,207
0x8c985186ddaad0c62b4dcc486c6a140fcf8f8c5d,AmazingPandaverse,23/05/2022,4
0xcaa46139e25dc7bd8c7effb21f0454d5e179add5,AmazingPandaverse,23/05/2022,4
0x9515dc155712c39d9959bcf4bc6e0adf77577767,AmazingPandaverse,23/05/2022,2045
0xf123ffeec349704d1ba5b39e8458204c19577d47,SmoltingInu,23/05/2022,1
0xa59e480ed2eb0d090945af495000824fadde96e1,AltMint,15/06/2022,1
0x2cedd98d4ec9bc9cd51fc9ea9091da5664518dd2,AltMint,15/06/2022,93
0xb5c77614bf35244bf2e05eae16299849e7484238,HeroesMetaverseTLEV2,16/06/2022,3876
0x3c8ab2fa169810cdb3471e28121c317c73adf04d,LetsBTF,01/07/2022,40
0xedf6d3c3664606fe9ee3a9796d5cc75e3b16e682,FatCats,17/05/2022,5421
0x589c99ac016914ef54d77b3f15ae2b14eaa59c99,PepeLottery,18/05/2022,3
0x24b66b661071abc25d25f0b47f756eb60b9dae98,DumbNFT,28/05/2022,2
0x8ded4e417b4ffabfd7175c154c531b2eec617fbf,Fizzzy,15/07/2022,11
0xf2a9e0a3729cd09b6e2b23dcbb1192dbaab06e15,SoarProof,23/07/2022,64
0x436e9212b0bb912685e32d0ecbb2362ecf6ddbee,AvailableWorks,20/05/2022,9
0xd3a0f2f4dfbcc0f09065108fa619222bc5eed48a,CRCLSCatalystPass,06/07/2022,18
0x0986c0655fb7ce087985b0b0848124d2328ee763,BeardedBuddies,05/08/2022,19
0xb135ab6b26bbf908d66fd7ca5ad82a4e38d9d195,EtherLotto,08/08/2022,13
0x2d208703e30873c59a2ba905414b256b6bd2d1c2,GodsOfEgypt,14/08/2022,51
0xefe70d1c6deb58ea2603f106a0c1be9eb4a92964,Fourk3D,15/08/2022,24
0xc94674964e755ee3cc8123a86f90fa60a06f4dfd,TheRaffle,16/08/2022,252
0xd9014f1a730f86b8b989233ec8625b99669a6f6b,BeardedBuddies,17/08/2022,52
0xd9daebd27c44e612ff261cedba642ad966e044be,TheRaffle,22/08/2022,250
0xbd7b02c8cbc668754cef4fcc5184b55436a5dca7,MrKavesMetaCollect,25/08/2022,11
0xa6374a60e85b72ceaf3aa155306b179d1ca2691e,BombsNFT,25/08/2022,105
0x73ea19587b90edeb1a8a189b38af43e6bf410280,MoonDAOWinner,12/06/2022,3
0x3a862f94072094b37870c0222fc5a38b7b0d06a5,MoonDAOWinnerV2,13/06/2022,12
0x7a5558830188d42daaf03b914998a3aea5c794a3,PixelvaultDraws,13/06/2022,11
0x4e1a49b194c3b1eb43b98f1b0fef091d0e069234,RandomSeed,15/06/2022,1
0xf6e11c9b062fea953b33c10d05162c90c5bcb065,GrayBoys_Locker_Exchange,16/06/2022,46
0x56a9cbd8dc0eff36c2e4c0b02c86ef62c7b9b55a,LEGENDS_RAFFLE,17/06/2022,6
0x4c6fa38c9f6c19a640a673c7ea45b1e89101c5e7,RandomSeed,20/06/2022,39
0xc215271d9972dbe6d877463eddb511a9681f7764,OverUnder,27/06/2022,237
0x7fee302a14d6b945c0eb6da9c4426c8d75d38a73,FractonSwap,02/07/2022,10720
0x772195938d86fcf500df18563876d7cefcf47e4d,NFTLuckboxV2,04/07/2022,1
0xf64f651caaa424b9b51b4dc24764bbfcca3b7098,UnifriendsVaultGame,06/07/2022,56
0xdd807ab973356a2bbe90d223ea5f772b1cdd1e69,RocketBet,20/06/2022,3
0x185027e491a4d95874e70b1d1237f41c989a0a92,UnifriendsVaultGameV3,08/07/2022,62
0x8556fc0e4e72c098eb80ef4d390e8fbb0d21e1c6,UnifriendsVaultGameV4,08/07/2022,56
0xfae4f0139e73abb48969bbacb7824b6ec213b412,Lottery,10/07/2022,1
0xab002d03b38d8ddd16260d78ef739a1f8e856ae5,ZombieClubPod,11/07/2022,1
0xfd96efa945fe7d71a72a13151015b4a5e58b5b6b,VRFV2RandomGeneration,14/07/2022,1
0x5d02b5380b0a3bfc65b8c8ec214e2d52ce4e9ad0,Battles,17/05/2022,8
0xbc66086c30919014d015aace421ed7492575ce5d,JigsawDistributor,15/07/2022,68
0x22d3c0480ad365a5691747bb17d6e2d357c11c7f,Battles,18/05/2022,22
0xde0a6e2b32f43f5dbaf74eb3c7f78ee100fc765d,VRFV2RandomGeneration,15/07/2022,1
0x685fcaf489c2fe2e289a68bc10aa94f88a83e655,VRFV2Wrapper,15/07/2022,4
0xdce3930ba89a82ee9157f6b462fbdb1e42cd4bce,VRFV2WrapperConsumerExample,15/07/2022,9
0x94cda0f5bf061920dc73602dfa6dcd09b59e231d,UnifriendsVaultGameV2,07/07/2022,58
0x8e849037f13ad9af2075043bf5e403d5fc7b2ec8,VRFTokenRenderer,22/07/2022,4
0x6607eb516b2c0baee69cd34983c89661cd69c56e,Coinflip,22/07/2022,8
0x4ba7b6308f79e9574f93bc8a3788e57ad71e0493,Coinflip,22/07/2022,45
0x31719ea121e5e77b12efaf134693bb2633d0dc3f,WhIsBeVandalzPeriphery,23/07/2022,3439
0xcba012ea037750d31144828fd4e9c3fdca853501,VRFv2Consumer,21/05/2022,3
0x6e8b2ee0ec6818e9a1c36e64053261bf020f1063,EmotonsTreasureHunt,27/07/2022,3
0x273bbbdb47fe19bf4c9f88d5de571c2c3132bf29,JigsawDistributor,28/07/2022,40
0x24c1e2873ec070011c09f15ded9b6f494470352f,VRFv2Consumer,22/05/2022,9
0x299017f20e3dfb33a79ef4bb106ab4368579d51b,VRFv2Consumer,29/07/2022,3
0xe690324b35ddc3ee5e27d6cece27162c63a59517,Lottery,29/07/2022,5
0x661d8aeb25e50a36d637c8a48dc84c5e8d782c45,DegenArena,31/07/2022,41
0x5b08933fc0c45a3e8fe6ba224b719320c68e1917,Lottery,24/05/2022,110
0x6cfbc758c0c077323e1b6f8991280e2668864420,Raffle,04/08/2022,4
0x0bcaade7f9688e63ae56abeec0d882d6dca67bf8,Battles,24/05/2022,16
0x25e838983830fc9b65be168c3d4fb6420ba9382d,Raffle,08/08/2022,2
0x9a932ba21838e9edc9cbccaa87118f9b8c8e98d7,RaffleBurn,25/05/2022,62
0x1ecb59aecf1fc5da695242c6e78c2007e775d40f,Auction,09/08/2022,9048
0x5a5b3978904ab2d85d8095aaaabbc85e99c1c5f4,Raffle,09/08/2022,2
0x536203e6731cbc4f1ae441c71eeb75e9fcdac8a8,JigsawDistributor,12/08/2022,78
0xa907f134e3c1332fd7d2036a73556fccb30a191e,Dice,25/05/2022,79
0xa298d5abff9ed6c32c9794e64ed14394c39ab6cc,MirandusExchange,03/06/2022,4
0x78bc3996b384c3e8d35adc0d16f0c5f4df5de00e,RandomV3,08/06/2022,19
0x92e2e70280f4d440fd1f0399f89ff3b3565176f9,RandomNumberEchelon,16/08/2022,2
0x53bbefa66a4a4e6718e3425575f4aacd88f1bfac,RandomNumberParallel,08/06/2022,43
0x10e4f1873617f2bd5f92f06970e1cb5c95d5aac5,Randomness,18/08/2022,31
0xdf94e916ff9623befe6efe5a36546c4ae475591a,MegamiRaffle,19/08/2022,12
0x8de3d4c67a48f5e630c49bde1aa150591c5669dc,Lottery,20/08/2022,26
0x027440abcc0ccdc918c47efbdf1725d53fad4943,Lottery,15/05/2022,31
0x39643e01ca914cc147828910550a74bd1c676a5b,PandaVRFProducer,24/08/2022,5022
0xf7a5c2ddb01b43b2424a19dce1dedb1878cac481,ThrowawayMoney,10/06/2022,3
0xf44066d120ca92e7f070c8b895ca29738f48fe41,MoonDAOWinner,12/06/2022,16
0xe407640b957bca6b247b834a055382c1cfe2a8ef,RaffleFactory,26/08/2022,7
0xc5f871601d57b3bd6eb0a5616133ebd58c571b27,Raffle,26/08/2022,
0xb2f8164b5b9550fe9d3ed1f0d41786b930b0f502,Raffle,26/08/2022,160
0x2e9868c683b8ef3e7c6050506c69d7a3eb0de638,Raffle,27/08/2022,3
0x812ba9914df0b8c5a6931714514495d33e023a98,Raffle,27/08/2022,3
0x483a121a252529bef2ee60075d66897de6a0e30d,Raffle,27/08/2022,78
0xebe8eea54fa95057b2a68f30c14bad0827861189,ArchOfPeace,11/11/2022,1824
0xfe8f5042556c95f57d6a01989828178d3af423c2,IlluminaNFT_V3,27/11/2022,100
0xd88329bf3b7776bff90d0c942f160cb55bf5baec,DSLAMetaverseAstromancers,19/12/2022,905
0xaa94d963bd7b6c8ddde07a4b4cf13e26c2650899,VOXSeries4,02/11/2022,909
0xd07597b64b4878add0965bb1727247ced90c6ce8,DOTS,09/12/2022,18205
0x31a3601a29aa27837451edc888e26f3d53cdce68,MightyLlamaGenesis,20/10/2022,4091
0xcc5917904213984de6228ff3037f15aeb4d49772,KeyNFT,20/10/2022,270
0x97d77a595db3a4e55b3256cd285c12c190d42df9,NFT,10/11/2022,3
0xb52aa1a8588c0938a4ae20aafa13207007ad29f5,StarBirdies,26/10/2022,685
0x1fc4e802e7927068026be43d26f8875cbbe2a9e2,ArchOfPeace,10/11/2022,31
0x90c70dc9f3fda4a1d78a2b7d90ca087088355717,SatoshiIslandCitizenshipNFTs,27/10/2022,12877
0x699fdf5d96b3548c51184d818e03db4852d931ff,MetadventureGen1,28/10/2022,73
0xfa6f55da432e61cf2677371d97671c742d723aae,NFT,22/10/2022,6
0xc27464b0e236ae8cfe54ce7a786cf92144bc6ac2,NFT,22/10/2022,493
0xd5692cb51dffb7311662cbbe110d646cfe4081ec,MetaSoco,01/11/2022,66
0xd82dea006ebc7d6613f17ed37bc1d27972d4af9e,MetaSoco,01/11/2022,2
0xc3f66eaea3e2d20341cf577aafdb7c7125333caf,RaffleOperator,02/11/2022,4
0x3c47606fb4dcf4f752bc8103fff28692c64a7526,NFT,11/11/2022,6
0xe640f65a838f15b499c5e3268cb231de061241cd,IlluminaNFT_V2,13/11/2022,14
0x29cbb703b611085c1dad2fa6d3328e9a3c085825,IlluminaNFT_V2,16/11/2022,8
0x32a646915f1dd67ab37c33e31dfeacfb390563f2,IlluminaNFT_V3,20/11/2022,10
0xbbd4590f05b6ce42283d25f6e09969556ed386ab,IlluminaNFT_V3,20/11/2022,1
0x7b5ed276a0d11c4845b5dbea31f246a09fc86f0b,IlluminaNFT_V3,20/11/2022,4
0x2a0b913a2671f19631e5f398efe71c5ec97c226b,IlluminaNFT_V3,24/11/2022,4
0x941d936f42a8ceeeb7968be8d9b6ae29bac5fbb8,MetadventureGen1,02/12/2022,502
0xc6b394d3e6f3f6469ae1486c8f10cdac072d4ab4,WC,03/12/2022,7
0x270ba681a8e643636b57f55f6cb0714c387d2171,AtamoAscension,05/12/2022,1
0x7c707e0ce966d5d1cf90f55b2ce3a5d91f8a94b6,AtamoAscension,05/12/2022,1431
0x605d1cd9df662f5c4b775b858da6844cf4343d5d,WC,09/12/2022,6
0x8bcb8314199484abac99914683cbd9f87161412a,ArjaverseNFT,17/12/2022,25
0xc08376c2e7b12ae7429648f9e68b6d15a210c15a,RaffleManager,02/11/2022,6
0x9f0b3aa5d8cbac649494f36700f5d17660a168fd,RaffleWinnerNumberGenerator,02/11/2022,
0xe10ce8b28e91bcdc7c642c4a5af8b7c117f02bfc,RaffleCashier,02/11/2022,22
0xfcc58831511e84c1c2604bcc69f680c934db3961,DropRandomiser,03/11/2022,42
0x047bcc78fe71410d17e0d1b541b14b9e18943174,GCM_V3,03/11/2022,9
0x41aa1a1ba354a5b57e1338907035abf0dbeda3e6,APMorganMinterMainnet,03/11/2022,1
0xbd889bd07a9ce106b3ff82d5660a9ab00f21ef61,APMorganMainnet,03/11/2022,1
0x46f4d06a79ac05230ad8c235604952d37e371f10,APMorganView,03/11/2022,1
0xa8162f992941dabc27815d050621e71d8c0dc489,MetatopiaCoinFlipRNG,04/11/2022,2
0xf1527e5673f233ca90ae29e6f74eef5311757900,MetatopiaCoinFlipRNG,04/11/2022,2
0x0223f30536a27dd766b889b0c766b96fb62d7fe4,MetatopiaCoinFlipRNG,04/11/2022,5
0x2ddc5ed20ed3dba4d8c46e8cd0d1063234f3111a,GCM_V3,04/11/2022,17
0xf8e5f92eb85d5cec7eae61b1ffa1d7518808ca67,APMorganMainnet,04/11/2022,1
0x8d5fa3e96dd8c01acb9266770558fb0db8d4e08a,RaffleManager,04/11/2022,2
0xd5d20a4bd4b19b40ce90f77c989c9dae4821bc77,RaffleCashier,04/11/2022,
0x979578b092039f4ff492cb629b856ccfc8da600d,RaffleWinnerNumberGenerator,04/11/2022,
0x3fbe0374f2c4904c801c40c0d2ed7f624018321d,RAREPassGiveaway,07/11/2022,259
0x2eb65b720125fe2bc7a53782f6bebd9b9f9718fe,RAREPassGiveaway,07/11/2022,368
0x0909c6f9b548550604599bd229d9346e55385201,RAREPassGiveaway,07/11/2022,160
0x4f5a896b2c54367e6bfdc626b9bb90f1d9c28ca6,APMorganMainnet,08/11/2022,1
0x8eb97d795eeba960646b8e72b318d42ff39fb818,VRFMinter,10/11/2022,4
0x1a13d289a16ffb15943fb8a03220bb108322aa6b,Raffle,18/10/2022,36
0x0076f6bdd3dc40a2d254809046c953b802cab44b,OneHiController,18/10/2022,5
0xd869b274a473a7ace4fc3930a4a26a3b32448d95,VRFMinter,11/11/2022,7
0x14a7894b2a6b5b003e5629033f5aa33503cc4577,Raffle,19/10/2022,13
0x01f9b3db05a560f03c4da5615441662f3a07a392,StormTrooper,14/11/2022,3
0xf700f5f6d3c164348780d86c1de2c10a93435a0a,Raffle,19/10/2022,13
0xef5ea27ea5a3a97fdb3d670152a12e1c64778d9d,VRFMinter,17/11/2022,11
0x6118b56a6566dbd17b0f1c6ac9d3bdba11fbc8bf,Randomizer,18/11/2022,2
0x8d82898d3256e241587073f23aba3ded588e4a80,TheGreatBurning,19/10/2022,96
0x5d34e7ffd3865f19ff33ee1d630a349671fcc7af,Lottery,21/10/2022,7
0x9a6f0767d8ed8f571a767985e52d9ecdccb32b3f,OneOfOneStaking,24/10/2022,34
0x38430597b1da134b9a04149de9605afe47f29a9b,Raffle,21/11/2022,8
0x2120fc4c1c6deff799f1844d1fd4b25deab33bba,Raffle,21/11/2022,7
0xc6213a0a7c87f0f8b89a2ec98fee439d76da9644,Raffle,21/11/2022,6
0xe5a4496f2673a0dd2c230f005d51099bc3de6daf,Raffle,21/11/2022,12
0x565dfbd022bf35e869a03f4a08d5ed8767892d65,OBYTransfer_V3,22/11/2022,2
0xe82f81fbad9ed965b06cd66db9a0bf7094e1ef15,OBYTransfer_V3,23/11/2022,2
0x7a53a2c77710cb18bae7d13f74a74a02b4a97804,BetOnMeStaking,24/10/2022,25
0xcb8ea341726f5f2ad5544304f34b1f42cc980d97,Lottery,25/10/2022,1
0x7dec8f08567a284a1354aeb95977be1a0dedc4fb,Collectionstaker,28/11/2022,2
0xb38ddf6914717674500425e18024806c31250725,RNGChainlinkV2,28/11/2022,2
0x8880dc9ddaa9f78542d3c7e9e1fef0311eef26e3,WallStBullsOptionsMarket,29/11/2022,1132
0xf1c0c5728c5508622e5f976343322f2b1b82a735,Raffle,29/11/2022,79
0x6db68f743cbab7bd509bf2273a006d90fcac0e93,MonthlyArtDistributor,29/11/2022,4
0x479807fa7a221de5457b278458fd66b2f0c3039d,LilVillainsMinter,02/12/2022,2401
0xb6dcca052f0971b07830faec411906fc2faea7e2,Randomizer,25/10/2022,6
0xcb049f80cc285e936141f278ce1eefc865c87b91,TrashRefund,26/10/2022,9
0x65836acbe215378f85316a107ea7d9eb48b54143,TrashRefund,26/10/2022,15
0x088b73d27982417f55eebf28629c49d26aa59a25,Provenance,31/10/2022,2
0xa78e9bbb8eb6ce7c2831104ac17f267202a7fa0f,Tier1Sale,07/12/2022,1
0xee040f3e39c90441265183d1635d36c896d87e47,Tier1Sale,07/12/2022,1
0x1dfb64676132d243dab17f59a10f5052e29e1e70,RandomProvider,08/12/2022,2
0xf57c4f53e7e1bb0456f2c2a5cd53b29f86263663,Raffle,01/11/2022,7
0x6bf54cd14a8de71eb9181988ee3defea2e929176,DropRandomiser,01/11/2022,2
0x61c4d88bd69c1726148c775fa96137827feb4718,OneHiController,12/12/2022,3
0x1bccd4573e2754a18fbae60b79f5d2ce5e7a31e6,StakingPrizeRandomiser,14/12/2022,2
0x39d0ba87acb8dfce8220c605240fa1ab93a6dfe1,TheBoxVRFGenerator,14/12/2022,3
0xe2a64b1c88c745e1d7e059f5cb10bd539007f2fa,MonthlyArtGiveaway,14/12/2022,38
0x5a7c9842e589a08fdc2b8dc6034a1e5c12c0b1c2,LuckyRooAirdrop,15/12/2022,340
0x102d06dbef61d6e0511d431cc6123f242b48482e,AlcazarAirdrop,15/12/2022,3
0x80fc2260921f17e959555d486da34ff2be7abae7,AlcazarAirdrop,15/12/2022,739
0x6e5e0d9d006aee533c4972eeb910d925783d6a6c,StakingPrizeRandomiser,16/12/2022,25
0xd0d66cdf6209dc96ccfe479508f5e3ec4375e1db,SimpleVRFDraw,01/11/2022,2
0xc08dfaa1e9f10d1466846f12e781baee06b6a48d,AltariusMinter,17/12/2022,3
0x502accd001a1d4d735e9178e2312366c4873c57b,DropRandomiser,01/11/2022,7
0x97009a0f83bf42df00a2a25b770a255ed49ff21e,AltariusMinter,19/12/2022,163
0xf1712e0b4ae9fc91e8a9b1e506abc7a9489c15d1,NounsVisionVRFDistributor,20/12/2022,1
0xc31ff6c8a2a0065ee623176737b978dafa6f1fc6,Raffle,21/12/2022,13
0x2a82be45ad011178a523bca7af3299dd21d5fa9c,Raffle,21/12/2022,8
0x366fea9d4183d5088952849ea02b2db7207686f0,CosmeComics,11/12/2022,2159
0x75ceb65058afaef8e925b9093aed92014d2b634b,test,23/08/2022,2
0x24b50444c5308fc3daa4afa49e5faeea1bba3ead,DecentralizedFinanceInitiative,18/02/2024,2
0xb5cff2a5753d811aa9157ec28c5ff04ce84e62d6,Lucky8DAO,21/12/2023,2
0x48a6771f01f126707b42e2c8270bc265f910985e,Catopia,16/03/2022,666
0xeb7373ca9bb0b24a1b506d9a71652e9d51c9feed,ottto,20/10/2022,99
0xd7817fff67cc3b1c901aa0b219fb541994c883e0,RaffleTest,05/11/2023,5
0x817803e6c885e478877a6ae51f239c00c1ce78c0,Lucky8DAO,19/12/2023,1
0x0fd7b5c630efb915993f5271f9861601856e0e1f,Lucky8DAO,20/12/2023,1
0x30ba9743a384d2b81172accaf608456341fbde2b,Lucky8DAO,23/12/2023,1
0xb4400366dfce5a95306c8fcc43837ab32ee50156,CHAPC,30/05/2024,18
0xb2cc6f01010e5ea0a42981ddbc511a96eb5e717b,CHAPC,09/06/2024,9
0xf12eaa7f2bc89969cf61a101cb873dc1128e57d8,DegenNFT,04/04/2023,
0x676bf3f5b942af3e3cc2f75900009fa20e9e4a00,NFTManager,04/04/2023,
0x5bd843621f76f3066ff7568e187a387c89915514,DegenNFT,06/04/2023,
0x52c374f7daec8633cf9ffd80814c06e787d6705e,NFTManager,06/04/2023,
0x8bac46b8ac76c0f15db2b60a2ea2573480fe7c82,NFTManager,10/04/2023,
0xb765c5d61cf939e0ff9642efe49377def7415286,NFTManager,22/04/2023,
0x1484a5456e0cb904d62e937f4d572898136004a2,NFTManager,22/04/2023,
0xe6c9cfc3277ee9d17d6e16def386ed1baf3ad06a,DegenNFT,22/04/2023,
0xd640d4680935dc972dcbff067bc1bdacdade6ef7,VRFv2Consumer,25/05/2023,1
0xec6dc6df9e97faf99f62aad64934136be8142735,Raffle,04/06/2023,10
0x89466fe99edf79b6b3f1836f0ecb3789a77a221a,RefundableLottery,14/12/2024,6
0x8ebdfbc4e838194bceb5ebea13a840ab40da6afc,TicketV1,14/12/2024,1
0x371a2ed6087896b64e32e5953cddef68af02d136,SwapTest,02/09/2022,3
0x6b22bc989e1268674eb2f1242efe42915c1c4cb6,SwapTest,02/09/2022,1
0x1ff57f8dc8618618240a1867c61ca467021c9f80,SwapTest,02/09/2022,3
0x4e9213dad3e245d91bec3c389cd2c57cfea615e6,SwapTest,02/09/2022,3
0x6fc1302a69632606e8e30fe494353829004d6191,SwapTest,02/09/2022,3
0x0523948b2693e9696b471973419b217530768fec,NftLotteryStaking,11/11/2022,1
0xc81605c91e7a9be8e55b0132ad5fc8dccf1660e7,ElementalbyFangLijunRandomizer,20/02/2022,3
0xdc6500b80bfc84a4d2ddc87990d8c0340e8a4fd7,Identity20XY,06/10/2022,1
0xf878945f09af63d5df6cd83b0c30e9cb6a6535cd,AirdropDistribution,17/04/2022,1
0xe6325654d7cf144347b1fa0d68aac0b09a297e1a,AirdropDistribution,19/04/2022,1
0xa5acb2343010b51a773e35b76c29876d1ec2e648,LabGame,01/05/2022,1
0xc6584f4af66fb5bffb5a591516e95c2779960d2a,LabGame,04/05/2022,1
0xf3af57a995e23ff9bdc5accfa15cbfcf6923039c,Factory,10/07/2022,7
0xf2c0952059deafe80948369fb712bcfa9f006401,NFT,10/07/2022,
0xf8915f6920b844ae956979fb001fefa6b213cb5e,AirdropDistribution,19/07/2022,1
0x8a7e7512a045258e50690755109612cddabc9891,AirdropDistribution,19/07/2022,1
0xf869018c81ead1903710717d7154b56672805d62,GribbleNFT,02/09/2022,1
0x41ce9598b49878f40a1ca3e746012335e7856fa9,SportOpenV2,05/09/2022,2
0x29231aa62bb0fbbea7c766ab86389edf9880618c,DiceGame,13/02/2023,1
0x7bb251b5052cb3ca9cd3124b387b77431725dff1,NFTLRaffle,06/03/2023,1
0x01ea26e2ea333c1f5e7eab813b020b4e3f7a9bea,NFTLRaffle,09/03/2023,1
0xe4abcd97ea6804171cdcc34d88c3c52e9ad4830b,NFTLRaffle,09/03/2023,1
0xdb705b5fc85f42b4ee499927f1743f19db946997,NFTLRaffle,28/03/2023,1
0xa2ef57d7df8dfed5b37d6cc2f5dce0d6f073085f,RNGServiceChainlinkV2,05/02/2024,1
0xc4146de8ffd0c296fb78c296537172a65647bacb,NftDuel,18/11/2023,1
0xb6d77054936648c2c7c681c7ce0ebae56a1459e9,NftTrio,19/11/2023,1
0x04210b762cbb94c80f3342cfdda0e58afa34a686,NftArena,19/11/2023,1
0x1f7dfeb42c51e6d4e9698687f1b0fb46ac34357d,NftDuel,17/12/2023,1
0xdc168456bca362d864aa2a32a65b90c8aab282cf,RNGServiceChainlinkV3,03/12/2024,1
0xa7f56887f761bf2d2f0b75a895b35fe8b8334918,BGFVRFDRAWS,16/07/2022,5
0x1bffa61a78228cc2df4009f012c681f6590f7d19,AirdropDistribution,17/04/2022,1
0xd36042b1f94a33d0947c2c97e29213b333b14229,NftTrio,22/12/2023,1
0x4cab8551339562f46cb18f557c760e64c2b80603,NftArena,22/12/2023,1
0x4be8cdb8c59527a20a3e610416f5b651ff35a33e,BGFVRFPICKS,16/07/2022,7
0x0329e0e06e66c710969b35760ef24d5fad745140,AirdropSeedRandomness,27/02/2024,1
0xb7ea9cacf9b6b7a8a248741fe399cad46d5c73dc,AlphaChest,06/03/2024,1
0x8762b14181c435c297d8a2bd66abec09a8ae2233,DegenNFT,29/03/2023,1
0xda445a2345b2f5c49f520cc8f655ab13564ed335,NFTManager,29/03/2023,1
0x338be3d8d0209815601e72f7a04ac7f37d61564b,WalkingDeadVOX,07/04/2022,7076
0x00000000005316fe469550d85f2e5ae85b7db719,Infiltration,22/11/2023,25164
0x306b1ea3ecdf94ab739f1910bbda052ed4a9f949,Beanz,05/05/2022,94715
0x620b70123fb810f6c653da7644b5dd0b6312e4d8,SpaceDoodles,28/02/2022,14453
0xe0cb15f90a9fa1e7d7f69a6d054b934989ed013c,StarcatchersSeason,20/04/2022,1799
0xd00b34bab001fd78b93cdc0527a64af95a4792ba,Oddstronauts,02/05/2022,16657
0x91680cf5f9071cafae21b90ebf2c9cc9e480fb93,Frank,04/04/2022,5001
0x13160321a82dbf941cfcbbcedeee10128b6c4687,MinddsEternals,24/03/2022,285
0xc43a7d62db13573315492f466f33b61ecee75081,WhoWhosTreeHouse,01/04/2022,2314
0x8153f4b100def4b1480b18dd159e64e68f1ad4c7,SpaceNoodles,04/05/2022,1444
0x68f4ba8018216542ac2ab8125166be66304dd71c,DGFamilyGlassBox,26/04/2022,10383
0x78fc2f8cbe43b02beff806b4f0aeb1eeb0a11894,CoBotsV2,06/05/2022,73
0xe8e331649506124dedd6d4da4f249336bdb66dfc,ZombyWorld,30/03/2022,826
0xaab679e21a9c73a02c9ed33bbb6bb9e59f11afa9,SmoltingInu,15/04/2022,7053
0x2efa2743b863f3bd6f624ac0d58445bc5fb62bf6,CoBots,19/03/2022,287
0x624dcf0890f4697c6fcee3133489da8da13e93cf,Beatsu,25/03/2022,367
0xb99d3e11c953488cc67d86741e750cd8a87d3ad6,TheCoach,26/03/2022,4
0x5a48d3aaee0ae55577fa80eabfc484a4a6e876e8,MetaStoreNFT,27/03/2022,2925
0x09db9ac62b10feb5a05a6de4c1a706f399e3836b,TheCoach,27/03/2022,5
0x95dbbb8cce80e92c8ece55936eeb7de805f3c806,TheCoach,28/03/2022,152
0x0fb5d4d3b4f773b08c2ece3529bfc24e3fbf1a9c,Vigilante,07/03/2022,14
0xa9b3a94a276e295878a3dd6d0854b116406b81f0,Poppables,21/02/2022,68
0x5366fc46a8e7a2d6c772ad992ffdba6f1d66cefb,Conviction,02/04/2022,476
0xc9c1de6df11adeac839ed5f2fd05c5f5515d79ff,RichGoatDAO,03/04/2022,27
0xf1b6f15bdf14b4245341e1e2a0db1f3d6c65f20a,AlterEgo,22/02/2022,51
0xbcbba981bff1e9530cbca0f40f67aa85f8944038,XKeys,17/07/2023,2343
0xc8a5c05945a5a91af7142f968fc3b6bc082fe514,BAC2Implementation,08/04/2022,391
0x5d663edd9c884b2398634d68ec1cca083957b91c,SpaceDoodles,27/02/2022,1
0x536de48aca776452f0c8f20f5c7deb6249e3bb9c,Benefit,16/04/2022,138
0x607f1962df0ba91d8cc250a39ca9fe3906d1036d,VigTEST2,07/03/2022,18
0x6ca074c3fafd44d6aeaa621d84aea75f583f7a54,Smoller,25/04/2022,358
0x0c54846cfc37b1c9a8273d681bdaf6dea76d23b3,RL80,01/01/2024,1
0xbd1d2ea3127587f4ecfd271e1dadfc95320b8dea,Vigilante,07/03/2022,945
0x6740fdef2d051063636750e28b2dd05daab7af01,SpaceNoodles,03/05/2022,9
0x99501cf902b9313d550d3aa711ae262dc372b7e3,TheCoach,17/03/2022,187
0xdd4932f656a1a6c4ce729c49f95198a24f7336ba,Token,02/12/2024,788
0xed09527ff8a301a71b6c59931bfeeaf38e1098a0,Pyro,09/10/2023,131
0x5650109f079bfd6bbf13c638045e864b51c39d44,Jackpot,13/05/2022,40
0x62a89c0d441799d57ddfd2c77777c36deb06026d,Random,21/02/2022,1
0x94fdc5823b7dced7949531ffb9700b6bebec3e35,Random,21/02/2022,12
0x4b2c7fc6bc2f7059f925cd8c3dce69ddabbde8db,Random,21/02/2022,3
0xab5d57f7e9158c56afbe4e7af84a1743761273a7,Random,21/02/2022,4
0x88b3ade6a03fcf05f9a6fee13c7b01d470c1e7d0,Random,21/02/2022,4
0x11cfc32eea4e092f9df0282bb8f99c2eec5ce9e5,Random,21/02/2022,135
0x2ed251752da7f24f33cfbd38438748bb8eeb44e1,SeederV2,28/02/2022,4050
0xdcba4f4cd93b265e9bc493c12455fe252d046e3c,VrfPickWinner,04/03/2022,2
0xf410d2fc41aed5b4f240efd996287dd24c539a83,VrfPickWinner,04/03/2022,4
0x0743a727e20958b46e7bc802344aa2d5ac0810ca,VrfPickWinner,04/03/2022,2
0x7c60ac1efac02430aabad20bf44ebce179cd9c9e,HuxleyRaffle,10/03/2022,36
0x43aaef18e271b6a5d9a32a7ef1f43b52d7108f58,RandomV2,14/03/2022,5
0x194ec9b5448ae5d5a00bb9fae43a2dc63457465f,RandomNumberGenerator,21/03/2022,2
0x2b09aa973763e0d7dba97d89a2a820a0fc4ee0a5,Shuffle,17/06/2023,453
0x33d38cd8e66758df83f9d2e7deb5f898936764ba,LL420Reveal,24/03/2022,5
0x08776603add5f4e0ea6fb1d4b25d65c500ea1667,HibernationDen,19/06/2023,8
0x0000000000adead599c11a0c9a7475b67852c1d0,RaffleV2,16/07/2023,7184
0xee476c29315007f85266b4e4c4f62974fa9abbc8,Den,19/07/2023,1
0x6add0ac9f7dee66d02cc46a77b1666ff5ebf284e,Den,19/07/2023,460
0x821d566e08f6a9652940057441afac000b8efab8,HoichiRaffle,27/07/2023,4
0x16931fe45f6c9c94c66eb17e64cdfa2514146bae,RandomV3,30/03/2022,2
0x00000000007767d79f9f4aa1ff0d71b8e2e4a231,Yolo,16/08/2023,136830
0xc1e729cd98766b2cbdd337f4e76268a7a9ea467b,WhitelistV1,01/04/2022,3426
0xb9fbe8fc6eb82b0b52a79c242ddb71f4d4af6a8e,ProductComicV2,15/09/2023,3
0x67137096eaa394f9bed3fa7b3fafdaf61a3c696f,SuperGeishaVRF,01/04/2022,2
0xa3d52a5f46622dd5f1b1184fa3328d1dd785b177,Fomo,25/09/2023,22
0x51099d637fd18c190e8dbad3e917554ab3173806,PyroLottery,09/10/2023,4
0xed0011840da9a0671e4d38bbb68d041aa3877351,DegensDragonsVRF,19/10/2023,1
0xaf8bfff3962e49afaea9e49bbafab57f4daa77e0,CBOXRandomSeedGenerator,06/04/2022,27
0x00000000009f22b55d3105e5cff7d1a6503cf3ce,PokeTheBear,29/11/2023,4084
0x7491be1171dbdf81c85981f5c1869921ffddc283,Lottery,05/12/2023,1
0x3a06b40c67515cda47e44b57116488f73a441f72,RNGChainlinkV2,08/04/2022,3
0xf09a8a71a8c22bcc385b5741424e232e536ec4e9,GiveawayContractV2,13/04/2022,78
0xcac93d18f237e355b71ec00293ae93ae186257ea,Lottery,05/12/2023,243
0x2fc793b93505df16310224f1b8d7b606fc5ec29b,VestingFactory,05/12/2023,86
0x3f79353184193ba51e6c07d4011d4230580f2b03,RandomizeList,17/04/2022,2
0xe64371c161e1c8aab86784b48a7f72056e7b2218,RandomizeList,18/04/2022,2
0x047fbb5b5849a749d89d43893eb35d324fa0794b,RandomizeList,18/04/2022,3
0x67c6053fbac1149eb4ede9b529c34fad13d3e24d,Keylionnaire,18/04/2022,3
0xbf39e97a3132c338e16b75ae351c30300486dc8b,Vesting,05/12/2023,
0xfabd8ab9f6d773c2839e1adab7e18bf668e77383,PirateGames,24/04/2022,43
0x8298b268cffca23579cbc6776232b7c3dcf9a79b,PirateGames,25/04/2022,20
0x6ae42c0242ec9a6960b89d5a88d9c3406be31bd1,PirateGames,25/04/2022,5366
0x0fa16668dc2d7ec0594f7e380a695bdda570631d,HibernationDen,14/12/2023,5
0x0000000000e0e3aac70baed78daec3b5be005343,YoloV2,02/02/2024,216
0x8a664be336304385b2886e706828e4ee1e549d44,SBOXRandomSeedGenerator,29/04/2022,3
0xdd9a23b227ddca664ccb472260dfbf24e5a2cc12,Raffle,29/04/2022,12
0xa107f0efbf03b5968e98be0cd865073ecb96926f,MegapontRaffle,29/04/2022,2
0x4fb5f5ec81a89f4a2a77ec9150160be75bd19466,Lottery,30/04/2022,111
0xe41a1571e99371051818372b5b46601515d0d9f8,MedievalNFT,01/05/2022,1
0x2404486441481acc6f96e8c647eb77d08e17cc20,BubbleMarketplace,24/04/2024,4
0xce8736387a2757b5c83dec6da9e37dcb004ecf51,PrizePool,02/12/2024,107
0x665520d0a4fdb08fa9b526036f7155b1021beb6c,Lottery,04/05/2022,303
0x29d9cfb6b0594442196f10980d00fb1c4c83728f,HibernationDen,17/01/2025,2005
0xca0ae7f5f81261728f4a8264d4811078115ee97c,SupplyBoxMinter,05/05/2022,1
0x78b69899c8cd252126cbb1a50171ec37286c3877,VRFExternalSubOwnerExample,03/12/2021,2
0xd7da015fc546eca69c0aa4b46e70e9cdde442e1c,VRFExternalSubOwnerExample,10/01/2022,49
0x52d68abda687a38332eeb16785ec8221ad7f5804,VRFv2YOOMOOTA,08/05/2022,3
0x07545859cd712ed411b2308ff2569c6260232180,VRFv2YOOMOOTA,08/05/2022,2
0xc7bb041d5e0a837790585bf0e384706abbe8aa39,RaffleBurn,13/05/2022,150
0xc9813a65851722a8b1e5ec09042f957bd3064f72,Random,20/02/2022,1
0x9bbe490547fe58392f1cd8837ee738b1469de5bc,RandomBlockSelector,14/05/2022,2
